Player,Team,Pos,GP,CTR%,K,D,A,KDA,KP,KS%,DTH%,FB%,GD10,XPD10,CSD10,CSPM,CS%P15,DPM,DMG%,EGPM,GOLD%,WPM,WCPM,W%
Aiming,KT Rolster,4,43,0.47,168,78,183,4.50,0.73,0.35,0.15,0.16,-1,-10,1.4,9.60,0.33,608,0.32,304,0.28,0.51,0.43,0.42
Bdd,Gen.G,3,43,0.58,168,68,251,6.20,0.64,0.26,0.17,0.23,-10,22,2.7,8.80,0.24,522,0.26,291,0.24,0.46,0.22,0.72
Ben,Afreeca Freecs,5,39,0.38,11,96,305,3.30,0.66,0.02,0.21,0.26,-113,4,-5.3,0.90,0.02,141,0.08,87,0.08,1.53,0.25,0.54
BeryL,DWG KIA,5,39,0.54,81,75,309,5.20,0.60,0.13,0.25,0.15,241,2,11.3,2.30,0.07,222,0.10,150,0.12,1.56,0.53,0.87
Beyond,Team Dynamics,2,44,0.45,71,132,263,2.50,0.70,0.15,0.21,0.20,-113,-69,-0.4,5.00,0.14,208,0.11,168,0.16,0.47,0.46,0.36
bonO,KT Rolster,2,33,0.55,65,79,173,3.00,0.68,0.19,0.21,0.61,34,-20,-0.6,5.30,0.15,210,0.11,184,0.17,0.62,0.5,0.42
CaD,Hanwha Life Esports,2,16,0.50,33,67,101,2.00,0.76,0.19,0.27,0.38,-130,-263,-4.1,4.00,0.10,204,0.11,146,0.15,0.52,0.3,0.25
Canna,T1,1,42,0.57,142,70,220,5.20,0.62,0.24,0.19,0.29,94,-8,-0.5,8.80,0.26,470,0.25,287,0.24,0.4,0.21,0.67
Canyon,DWG KIA,2,39,0.51,118,62,314,7.00,0.67,0.18,0.21,0.46,393,463,8.3,6.10,0.17,329,0.16,240,0.18,0.54,0.4,0.87
Chovy,DRX,3,45,0.49,152,94,246,4.20,0.65,0.25,0.19,0.24,203,181,7.6,9.80,0.28,532,0.26,309,0.26,0.39,0.4,0.71
Clid,Gen.G,2,43,0.44,117,80,307,5.30,0.65,0.18,0.20,0.21,-21,59,-0.7,5.60,0.16,280,0.14,212,0.18,0.72,0.53,0.72
Clozer,T1,3,14,0.29,60,21,69,6.10,0.55,0.26,0.19,0.14,138,226,0.5,9.00,0.24,482,0.25,286,0.23,0.41,0.14,0.86
CuVee,Hanwha Life Esports,1,11,0.64,22,44,28,1.10,0.58,0.26,0.28,0.00,-188,-97,-4.9,7.60,0.22,358,0.26,214,0.22,0.53,0.22,0.09
Cuzz,T1,2,35,0.40,75,60,220,4.90,0.63,0.16,0.21,0.43,121,135,4.6,5.70,0.14,264,0.14,199,0.17,0.54,0.54,0.69
Deft,DRX,4,45,0.60,157,87,259,4.80,0.67,0.25,0.18,0.24,137,128,3.5,9.20,0.28,565,0.27,296,0.24,0.53,0.36,0.71
deokdam,Team Dynamics,4,44,0.41,115,102,214,3.20,0.69,0.24,0.17,0.09,-208,-96,-5.6,8.90,0.30,461,0.25,267,0.26,0.39,0.28,0.36
Doran,DRX,1,45,0.47,137,126,218,2.80,0.58,0.22,0.26,0.18,-16,18,2.4,8.70,0.25,435,0.22,280,0.23,0.43,0.19,0.71
Dove,Liiv SANDBOX,3,9,0.67,17,23,23,1.70,0.65,0.27,0.18,0.22,-118,61,-1.1,8.70,0.27,410,0.25,242,0.26,0.52,0.23,0.11
Dread,Afreeca Freecs,2,2,1.00,7,6,5,2.00,0.80,0.47,0.13,0.50,-355,-571,-7.5,6.40,0.21,412,0.20,233,0.24,0.3,0.58,0.00
DuDu,Hanwha Life Esports,1,31,0.52,75,113,110,1.60,0.61,0.25,0.23,0.23,-55,-4,-0.9,7.90,0.25,405,0.24,239,0.24,0.49,0.16,0.23
Effort,T1,5,40,0.55,33,90,323,4.00,0.64,0.06,0.26,0.38,83,28,0.1,1.20,0.03,123,0.07,105,0.09,1.85,0.54,0.68
Ellim,T1,2,7,0.29,18,10,53,7.10,0.61,0.15,0.14,0.43,144,-59,-0.6,5.00,0.12,217,0.11,178,0.15,0.54,0.43,0.57
Faker,T1,3,28,0.43,74,51,152,4.40,0.64,0.21,0.20,0.21,36,-28,0.8,8.90,0.24,480,0.26,275,0.24,0.56,0.26,0.57
FATE,Liiv SANDBOX,3,33,0.45,116,60,148,4.40,0.72,0.31,0.15,0.12,39,54,2.5,9.00,0.27,536,0.29,277,0.26,0.5,0.23,0.48
Flawless,SeolHaeOne Prince,2,32,0.47,54,111,124,1.60,0.65,0.20,0.20,0.34,-152,-186,-3.2,5.20,0.15,244,0.15,169,0.18,0.65,0.52,0.19
Fly,Afreeca Freecs,3,41,0.68,106,91,240,3.80,0.70,0.22,0.18,0.24,-76,-157,-4.6,8.00,0.22,429,0.23,241,0.22,0.45,0.2,0.51
Ghost,DWG KIA,4,39,0.62,116,56,291,7.30,0.63,0.18,0.19,0.10,-192,52,-12.9,8.20,0.24,460,0.22,280,0.21,0.59,0.25,0.87
GorillA,Liiv SANDBOX,5,40,0.43,12,117,261,2.30,0.65,0.03,0.23,0.25,-76,-51,-2.5,1.00,0.02,126,0.07,84,0.08,1.6,0.22,0.43
GuGer,Team Dynamics,5,44,0.43,46,135,268,2.30,0.66,0.10,0.22,0.09,-66,-20,0.4,1.50,0.05,194,0.11,102,0.10,1.76,0.41,0.36
Haru,Hanwha Life Esports,2,16,0.75,25,51,54,1.50,0.64,0.20,0.24,0.13,-57,10,-2.9,5.20,0.14,213,0.14,168,0.18,0.67,0.41,0.19
HyBriD,SeolHaeOne Prince,4,28,0.68,64,75,65,1.70,0.60,0.30,0.16,0.25,-128,-173,-1.6,10.20,0.36,409,0.25,286,0.30,0.3,0.35,0.18
ikssu,SeolHaeOne Prince,1,41,0.37,77,187,137,1.10,0.62,0.22,0.26,0.15,-313,-157,-7.7,7.00,0.23,393,0.24,203,0.21,0.39,0.15,0.15
Jelly,Afreeca Freecs,5,2,0.50,1,12,6,0.60,0.44,0.06,0.25,0.00,-368,-159,2,1.10,0.02,172,0.09,73,0.08,1.28,0.28,0.00
Kabbie,Liiv SANDBOX,5,2,0.50,0,9,7,0.80,0.64,0.00,0.21,0.00,-285,50,2,1.10,0.02,85,0.05,63,0.07,1.55,0.18,0.00
Keine,SeolHaeOne Prince,3,8,0.13,23,25,37,2.40,0.63,0.24,0.15,0.00,-186,-141,-7,8.00,0.26,475,0.23,232,0.24,0.55,0.28,0.13
Kellin,Gen.G,5,7,0.29,7,15,55,4.10,0.68,0.08,0.21,0.43,21,-382,-7.1,1.00,0.02,160,0.08,105,0.09,2.13,0.31,0.57
Keria,DRX,5,45,0.47,45,81,401,5.50,0.72,0.07,0.17,0.29,108,19,1.9,1.40,0.04,192,0.09,115,0.10,1.66,0.36,0.71
Kiin,Afreeca Freecs,1,41,0.56,119,109,170,2.70,0.59,0.24,0.21,0.20,44,120,4.4,8.40,0.26,451,0.24,258,0.24,0.41,0.2,0.51
Kuma,SeolHaeOne Prince,2,9,0.78,14,33,36,1.50,0.67,0.19,0.17,0.33,-42,53,0.2,5.30,0.15,298,0.18,171,0.19,0.54,0.42,0.00
Kuri,T1,5,2,1.00,0,7,9,1.30,0.31,0.00,0.39,0.00,-11,-285,-3,0.70,0.01,94,0.05,79,0.06,2.04,0.15,0.50
Kuro,KT Rolster,3,25,0.48,41,46,124,3.60,0.65,0.16,0.16,0.20,-66,-92,-5.8,8.30,0.24,411,0.23,244,0.22,0.49,0.28,0.44
Kuzan,Team Dynamics,3,44,0.57,126,90,198,3.60,0.68,0.26,0.15,0.16,-58,-75,1.5,8.60,0.26,451,0.25,254,0.25,0.51,0.31,0.36
Lava,Hanwha Life Esports,3,14,0.29,18,41,58,1.90,0.64,0.15,0.18,0.07,-175,-192,-6.8,7.70,0.22,424,0.25,210,0.22,0.51,0.2,0.07
Lehends,Hanwha Life Esports,5,42,0.50,24,111,247,2.40,0.69,0.06,0.17,0.17,-34,104,0.2,1.20,0.03,137,0.08,89,0.09,1.73,0.38,0.19
Life,Gen.G,5,36,0.67,29,82,310,4.10,0.60,0.05,0.25,0.25,-32,-223,-4.9,0.90,0.02,141,0.07,103,0.08,1.54,0.35,0.75
Malrang,KT Rolster,2,10,0.20,19,41,63,2.00,0.63,0.15,0.28,0.00,-265,-91,0.9,5.50,0.15,282,0.15,188,0.17,0.62,0.41,0.40
Mia,SeolHaeOne Prince,5,13,0.62,7,67,67,1.10,0.56,0.05,0.24,0.31,-58,-42,-4.8,1.20,0.04,209,0.11,80,0.08,1.72,0.43,0.08
Mickey,SeolHaeOne Prince,3,33,0.55,67,105,100,1.60,0.66,0.27,0.19,0.30,-139,-87,-3.7,8.20,0.26,406,0.26,230,0.24,0.48,0.28,0.15
Mireu,Hanwha Life Esports,3,28,0.46,62,88,116,2.00,0.65,0.23,0.21,0.21,-225,-52,-6.6,8.40,0.25,394,0.24,238,0.23,0.52,0.18,0.25
Mystic,Afreeca Freecs,4,41,0.27,174,105,177,3.30,0.71,0.35,0.20,0.22,50,-47,4.8,10.10,0.34,600,0.32,315,0.29,0.37,0.48,0.51
Nuguri,DWG KIA,1,39,0.44,172,73,208,5.20,0.59,0.27,0.25,0.23,349,240,6.3,9.10,0.28,571,0.27,333,0.26,0.4,0.21,0.87
OnFleek,Liiv SANDBOX,2,42,0.55,92,101,221,3.10,0.73,0.21,0.19,0.36,-88,-102,-3.3,5.30,0.15,221,0.12,184,0.18,0.53,0.64,0.40
Pyosik,DRX,2,45,0.60,126,103,319,4.30,0.72,0.20,0.21,0.38,121,91,2.9,6.10,0.16,326,0.16,218,0.18,0.55,0.44,0.71
Rascal,Gen.G,1,43,0.44,122,96,262,4.00,0.59,0.19,0.24,0.35,161,131,2.1,8.40,0.24,409,0.21,268,0.22,0.41,0.21,0.72
Rich,Team Dynamics,1,44,0.61,120,158,199,2.00,0.67,0.25,0.26,0.23,-106,-134,-2.8,7.90,0.25,497,0.28,244,0.24,0.36,0.25,0.36
Route,Liiv SANDBOX,4,42,0.45,104,89,178,3.20,0.65,0.24,0.16,0.17,-112,-91,-4.1,9.30,0.30,462,0.26,272,0.25,0.5,0.47,0.40
Ruler,Gen.G,4,43,0.53,209,67,235,6.60,0.68,0.32,0.16,0.21,241,211,11.3,10.30,0.33,641,0.32,338,0.28,0.47,0.47,0.72
Secret,SeolHaeOne Prince,5,28,0.54,11,83,124,1.60,0.63,0.05,0.18,0.25,-149,-7,-2.2,1.00,0.02,153,0.10,80,0.08,1.61,0.28,0.18
ShowMaker,DWG KIA,3,39,0.46,162,29,302,16.00,0.72,0.25,0.10,0.31,278,181,4.2,8.90,0.24,561,0.26,309,0.24,0.37,0.19,0.87
Smeb,KT Rolster,5,5,0.80,2,16,35,2.30,0.63,0.03,0.28,0.40,138,29,10,2.20,0.06,330,0.18,98,0.09,1.09,0.32,0.40
Smeb,KT Rolster,1,25,0.52,77,73,120,2.70,0.64,0.25,0.22,0.28,15,-146,-3.9,7.70,0.23,469,0.24,248,0.22,0.41,0.19,0.44
SoHwan,KT Rolster,1,18,0.39,42,37,72,3.10,0.66,0.24,0.18,0.28,-159,-47,-2.6,8.10,0.25,428,0.25,243,0.23,0.51,0.19,0.39
Spirit,Afreeca Freecs,2,39,0.44,76,96,262,3.50,0.71,0.16,0.21,0.41,-69,-122,-2.7,5.30,0.15,256,0.14,186,0.17,0.61,0.62,0.54
Summit,Liiv SANDBOX,1,42,0.52,90,143,169,1.80,0.60,0.21,0.26,0.21,-41,-58,1.4,8.30,0.25,473,0.27,242,0.23,0.42,0.31,0.40
Teddy,T1,4,42,0.76,183,53,230,7.80,0.71,0.31,0.15,0.29,174,14,1.2,10.60,0.33,564,0.30,331,0.28,0.56,0.38,0.67
Trigger,SeolHaeOne Prince,4,13,0.31,31,48,48,1.60,0.60,0.24,0.17,0.31,24,-71,-1.7,8.70,0.30,453,0.26,245,0.25,0.38,0.36,0.08
TusiN,KT Rolster,5,38,0.47,16,113,283,2.60,0.71,0.04,0.24,0.18,19,221,1.3,1.40,0.04,152,0.08,102,0.09,1.83,0.44,0.42
Ucal,KT Rolster,3,18,0.44,48,48,97,3.00,0.65,0.21,0.19,0.11,-31,-39,0.1,9.10,0.27,484,0.23,269,0.25,0.32,0.23,0.39
Viper,Hanwha Life Esports,4,42,0.33,114,86,144,3.00,0.66,0.29,0.13,0.17,-30,-29,1,10.30,0.36,526,0.32,294,0.29,0.49,0.4,0.19
YoungJae,Hanwha Life Esports,2,10,0.50,19,45,43,1.40,0.67,0.21,0.25,0.40,-328,-466,-8.4,4.60,0.12,202,0.12,162,0.16,0.56,0.45,0.10
5kid,RunAway,4,32,0.34,111,48,116,4.70,0.68,0.33,0.14,0.22,22,-5,1.4,10.20,0.34,527,0.30,311,0.29,0.42,0.34,0.47
Bini,ESC Shane,4,34,0.56,96,69,171,3.90,0.67,0.24,0.15,0.21,-149,-65,-4.3,8.60,0.30,447,0.25,269,0.25,0.5,0.26,0.38
BroCColi,OZ Gaming,2,11,0.18,27,13,43,5.40,0.57,0.22,0.13,0.64,198,106,-0.5,5.30,0.15,211,0.11,186,0.17,0.58,0.61,0.55
Cepted,Awesome Spear,3,15,0.40,45,31,94,4.50,0.66,0.21,0.26,0.20,-23,-135,-2.8,8.60,0.25,435,0.24,262,0.22,0.46,0.12,0.80
Chasy,Awesome Spear,1,31,0.65,79,68,158,3.50,0.64,0.21,0.26,0.13,153,128,3.1,7.80,0.24,443,0.25,250,0.22,0.45,0.21,0.71
Citrus,Griffin,2,35,0.43,88,121,205,2.40,0.69,0.21,0.26,0.46,-80,-138,-1.1,5.40,0.15,273,0.15,185,0.17,0.62,0.53,0.46
Croco,Fredit BRION,2,3,0.33,8,10,7,1.50,0.68,0.36,0.29,0.67,-58,-134,-6,5.00,0.14,175,0.12,171,0.17,0.43,0.26,0.33
Crow,Awesome Spear,3,16,0.44,29,24,82,4.60,0.69,0.18,0.17,0.19,-64,-104,-6.6,7.80,0.21,383,0.23,230,0.21,0.54,0.17,0.63
Crown,OZ Gaming,3,22,0.73,66,57,107,3.00,0.63,0.24,0.23,0.23,81,15,2.6,8.40,0.26,546,0.29,257,0.24,0.61,0.23,0.55
Crush,Awesome Spear,2,31,0.45,74,33,191,8.00,0.71,0.20,0.13,0.29,11,-35,-1.6,5.40,0.15,173,0.10,200,0.18,0.41,0.45,0.71
Edge,RunAway,3,8,0.63,22,15,32,3.60,0.77,0.31,0.16,0.13,-3,62,0.8,8.30,0.23,396,0.24,236,0.23,0.42,0.12,0.25
Envyy,Element Mystic,4,17,0.35,59,46,67,2.70,0.70,0.33,0.18,0.18,-218,-26,-8.5,9.40,0.32,548,0.30,288,0.27,0.31,0.26,0.35
FireRain,Fredit BRION,3,32,0.31,96,76,146,3.20,0.71,0.28,0.19,0.19,-7,19,-6,8.20,0.25,496,0.27,256,0.24,0.52,0.26,0.41
Flare,Element Mystic,2,30,0.53,81,64,155,3.70,0.76,0.26,0.16,0.40,152,304,7.9,6.00,0.18,277,0.16,207,0.20,0.56,0.51,0.37
Harp,ESC Shane,5,34,0.35,36,92,270,3.30,0.77,0.09,0.20,0.29,100,35,1.5,1.30,0.05,212,0.12,107,0.10,1.65,0.54,0.38
Hena,Fredit BRION,4,35,0.51,101,93,142,2.60,0.67,0.28,0.21,0.23,129,122,3,9.60,0.34,580,0.32,294,0.28,0.48,0.31,0.40
Hoya,Griffin,1,35,0.49,80,98,198,2.80,0.65,0.19,0.21,0.23,-84,62,0.8,7.30,0.21,462,0.25,229,0.21,0.46,0.15,0.46
Ian,OZ Gaming,3,12,0.75,26,15,65,6.10,0.70,0.20,0.11,0.17,171,-116,-0.5,8.50,0.26,412,0.24,256,0.24,0.49,0.25,0.50
JeongHoon,Element Mystic,5,20,0.40,9,60,132,2.40,0.69,0.04,0.24,0.15,-27,-63,2.3,1.10,0.03,122,0.08,94,0.09,1.57,0.34,0.40
Jin0,Element Mystic,2,2,1.00,4,9,6,1.10,0.83,0.33,0.21,0.50,-337,59,6.5,4.90,0.11,249,0.18,162,0.18,0.3,0.32,0.00
Jool,ESC Shane,3,34,0.50,102,107,162,2.50,0.67,0.26,0.24,0.21,-124,-165,-1.4,7.90,0.25,428,0.24,242,0.23,0.48,0.15,0.38
Juhan,OZ Gaming,2,23,0.52,60,57,140,3.50,0.71,0.21,0.20,0.35,23,-101,-3,4.70,0.13,227,0.12,179,0.17,0.48,0.49,0.52
Karas,Element Mystic,5,12,0.33,12,37,72,2.30,0.71,0.10,0.19,0.08,11,-45,1.8,1.20,0.04,161,0.09,93,0.09,1.95,0.43,0.25
Keshi,Jin Air Green Wings,5,35,0.71,25,87,316,3.90,0.70,0.05,0.27,0.31,-48,-7,0.3,1.10,0.03,131,0.07,104,0.09,1.6,0.35,0.71
KronG,RunAway,1,7,0.57,9,19,21,1.60,0.48,0.15,0.21,0.14,-265,-362,-7.6,6.80,0.23,381,0.23,204,0.21,0.47,0.15,0.29
Lapis,ESC Shane,1,34,0.53,83,99,162,2.50,0.62,0.21,0.22,0.15,-105,-42,-2.7,7.60,0.26,425,0.24,241,0.23,0.39,0.19,0.38
Last,RunAway,1,25,0.48,42,69,90,1.90,0.49,0.15,0.28,0.28,8,-30,-3,7.70,0.23,370,0.22,241,0.22,0.41,0.17,0.52
Lia,ESC Shane,2,34,0.56,80,89,218,3.30,0.75,0.20,0.20,0.32,-168,-142,-3.3,5.20,0.15,270,0.14,190,0.18,0.43,0.39,0.38
Light,Jin Air Green Wings,4,34,0.41,140,60,189,5.50,0.71,0.30,0.20,0.26,34,-3,0.6,9.60,0.32,600,0.31,311,0.27,0.34,0.4,0.71
Mask,RunAway,3,24,0.46,66,49,106,3.50,0.65,0.25,0.20,0.21,9,134,2.6,8.90,0.26,507,0.29,263,0.24,0.34,0.33,0.54
Mightybear,Fredit BRION,2,32,0.38,65,63,173,3.80,0.70,0.19,0.15,0.44,29,-35,-0.8,5.20,0.15,243,0.13,185,0.18,0.45,0.42,0.41
Minit,Fredit BRION,5,35,0.60,31,84,223,3.00,0.70,0.09,0.19,0.40,16,-9,-2.3,1.00,0.03,152,0.09,96,0.09,1.68,0.4,0.40
MooJin,RunAway,2,32,0.69,71,59,164,4.00,0.70,0.21,0.18,0.34,-24,73,0.7,5.50,0.16,252,0.14,190,0.18,0.55,0.38,0.47
Motive,OZ Gaming,5,34,0.50,21,99,245,2.70,0.65,0.05,0.26,0.41,-31,-107,-0.1,1.00,0.03,156,0.08,93,0.09,1.45,0.31,0.53
Naehyun,Griffin,3,35,0.54,130,60,151,4.70,0.66,0.30,0.13,0.26,-13,149,-0.6,9.50,0.30,478,0.26,303,0.28,0.42,0.27,0.46
Oscar,Fredit BRION,1,9,0.67,16,35,40,1.60,0.54,0.16,0.29,0.44,219,203,3.8,7.30,0.24,371,0.20,225,0.21,0.41,0.2,0.44
Pilot,OZ Gaming,4,34,0.62,144,49,128,5.60,0.67,0.35,0.13,0.32,30,-32,0.4,9.90,0.36,576,0.31,307,0.29,0.48,0.36,0.53
PluTo,RunAway,5,32,0.28,13,78,210,2.90,0.67,0.04,0.23,0.22,-62,62,-0.3,1.10,0.03,116,0.07,96,0.09,1.59,0.46,0.47
Prince,Awesome Spear,4,31,0.48,123,43,157,6.50,0.75,0.33,0.16,0.23,128,86,6.2,10.50,0.36,622,0.35,341,0.30,0.46,0.45,0.71
Roi,Fredit BRION,3,3,1.00,3,6,15,3.00,0.78,0.13,0.16,0.67,-273,-164,-5.7,8.10,0.26,334,0.27,219,0.23,0.5,0.18,0.33
Rumor,Jin Air Green Wings,4,1,0.00,5,5,10,3.00,0.75,0.25,0.46,0.00,-744,-376,-15,7.90,0.26,544,0.23,276,0.23,0.28,0.31,1.00
Scarlet,Element Mystic,3,32,0.53,75,81,143,2.70,0.68,0.23,0.18,0.19,-86,-133,-1.8,8.80,0.26,414,0.24,258,0.25,0.39,0.25,0.34
Seize,Jin Air Green Wings,2,2,0.50,2,7,10,1.70,0.55,0.09,0.28,0.50,156,291,4.5,5.00,0.12,166,0.09,162,0.16,0.58,0.75,0.50
Shark,Element Mystic,4,15,0.67,36,37,65,2.70,0.71,0.25,0.19,0.00,-217,-40,-3.7,8.90,0.30,431,0.26,264,0.25,0.26,0.26,0.33
Slugger,Element Mystic,1,32,0.59,47,110,125,1.60,0.53,0.15,0.25,0.34,133,56,3,7.50,0.22,405,0.24,220,0.21,0.36,0.11,0.34
SoaR,OZ Gaming,1,34,0.38,63,94,168,2.50,0.57,0.16,0.25,0.18,85,-20,6.4,7.30,0.22,388,0.21,227,0.21,0.47,0.2,0.53
TaNa,Jin Air Green Wings,1,35,0.37,80,65,181,4.00,0.54,0.17,0.20,0.20,-64,-21,-4.2,7.70,0.23,360,0.19,241,0.21,0.49,0.2,0.71
UmTi,Jin Air Green Wings,2,33,0.55,97,51,234,6.50,0.71,0.21,0.17,0.33,39,39,1.1,5.80,0.17,291,0.15,213,0.19,0.56,0.62,0.73
Wayne,Griffin,4,35,0.57,110,74,189,4.00,0.70,0.26,0.16,0.26,40,-56,-0.4,9.30,0.31,463,0.26,285,0.26,0.39,0.24,0.46
Wizer,Fredit BRION,1,26,0.46,43,79,100,1.80,0.55,0.17,0.24,0.23,-134,-138,-4,7.30,0.23,336,0.19,217,0.21,0.48,0.21,0.38
Yaharong,Jin Air Green Wings,3,35,0.40,137,43,196,7.70,0.69,0.28,0.14,0.26,165,160,10.3,8.80,0.26,568,0.29,284,0.25,0.48,0.18,0.71
Yusin,Griffin,5,35,0.57,19,112,255,2.40,0.64,0.04,0.24,0.29,16,104,-1.1,1.10,0.03,158,0.08,93,0.09,1.96,0.43,0.46
Zzus,Awesome Spear,5,31,0.58,22,63,231,4.00,0.68,0.06,0.24,0.26,19,-26,0.2,1.10,0.03,127,0.07,103,0.09,1.58,0.35,0.71
369,Top Esports,1,37,0.59,105,90,251,4.00,0.59,0.17,0.21,0.14,144,225,8.6,8.30,0.26,474,0.23,275,0.23,0.38,0.23,0.73
705,Royal Never Give Up,1,1,0.00,1,2,2,1.50,0.60,0.20,0.33,1.00,438,831,17,6.80,0.20,201,0.13,168,0.20,0.42,0.08,0.00
ADD,Bilibili Gaming,1,8,0.75,17,33,53,2.10,0.63,0.15,0.26,0.38,-117,-60,-4,6.70,0.21,417,0.20,208,0.19,0.51,0.17,0.38
Aix,Vici Gaming,2,19,0.47,49,36,114,4.50,0.69,0.21,0.17,0.32,-9,-11,0.4,5.60,0.16,261,0.14,200,0.18,0.43,0.45,0.53
Ale,Dominus Esports,1,6,0.83,8,30,12,0.70,0.46,0.18,0.26,0.17,23,251,15,8.30,0.25,400,0.24,238,0.24,0.39,0.21,0.00
Aliez,Oh My God,1,1,0.00,1,3,0,0.30,0.50,0.50,0.18,0.00,-464,-535,6,8.20,0.25,330,0.34,210,0.23,0.48,0.16,0.00
Angel,Suning,3,42,0.55,132,90,259,4.30,0.71,0.24,0.18,0.17,-15,47,3,7.70,0.22,524,0.26,247,0.22,0.45,0.19,0.60
Aodi,EDward Gaming,1,20,0.65,43,55,129,3.10,0.59,0.15,0.21,0.35,-216,31,-6.9,7.00,0.22,321,0.18,225,0.20,0.46,0.14,0.45
Baolan,Invictus Gaming,5,16,0.44,17,46,175,4.20,0.69,0.06,0.21,0.25,34,65,0.6,1.20,0.03,181,0.08,119,0.10,1.75,0.33,0.81
beishang,Team WE,2,43,0.65,133,83,301,5.20,0.74,0.23,0.15,0.42,14,93,2.9,6.10,0.18,316,0.17,221,0.20,0.39,0.47,0.56
Betty,Royal Never Give Up,4,18,0.56,62,24,81,6.00,0.71,0.31,0.14,0.39,-89,-51,-5.9,9.00,0.33,494,0.31,285,0.26,0.55,0.42,0.50
Bin,Suning,1,42,0.50,135,114,213,3.10,0.63,0.25,0.23,0.17,205,181,3.7,8.20,0.26,478,0.24,277,0.25,0.34,0.15,0.60
Biubiu,Victory Five,1,41,0.44,102,85,195,3.50,0.57,0.20,0.21,0.27,89,53,0.9,7.60,0.23,352,0.20,250,0.22,0.42,0.18,0.63
Breathe,Oh My God,1,40,0.60,128,140,162,2.10,0.59,0.26,0.23,0.18,12,-50,2.4,8.20,0.26,472,0.26,265,0.24,0.38,0.18,0.38
Chelizi,Dominus Esports,1,30,0.37,72,96,128,2.10,0.62,0.22,0.19,0.33,7,-98,-2.7,7.60,0.25,386,0.23,241,0.23,0.42,0.13,0.20
chenlun17,LNG Esports,1,15,0.73,31,43,46,1.80,0.57,0.23,0.21,0.20,-119,-31,-4.1,7.70,0.24,395,0.23,228,0.23,0.39,0.17,0.27
CJJ,eStar,1,5,0.40,8,19,26,1.80,0.65,0.15,0.22,0.60,-18,16,12.2,8.60,0.27,407,0.22,247,0.24,0.43,0.19,0.00
COLD,Oh My God,5,27,0.48,16,81,205,2.70,0.66,0.05,0.20,0.22,0,-34,1.3,1.00,0.03,146,0.08,95,0.09,1.66,0.33,0.41
Crazy,Rogue Warriors,1,3,0.33,1,10,9,1.00,0.48,0.05,0.15,0.33,229,-90,-2.3,7.50,0.27,366,0.20,199,0.22,0.45,0.12,0.00
Crisp,FunPlus Phoenix,5,41,0.32,37,116,317,3.10,0.63,0.07,0.21,0.24,38,-31,3,1.30,0.03,132,0.07,102,0.09,1.57,0.3,0.54
Cryin,Royal Never Give Up,3,4,0.75,11,5,8,3.80,0.70,0.41,0.15,0.50,455,-103,1.8,9.40,0.31,376,0.26,277,0.28,0.41,0.13,0.25
Cube,Vici Gaming,1,41,0.51,87,104,217,2.90,0.60,0.17,0.21,0.10,-26,0,0.7,8.00,0.24,445,0.24,246,0.22,0.52,0.13,0.46
Doinb,FunPlus Phoenix,3,41,0.76,144,107,290,4.10,0.78,0.26,0.20,0.29,-170,-130,-2.6,8.50,0.27,537,0.28,278,0.25,0.44,0.21,0.54
Duan,LNG Esports,5,19,0.26,8,70,125,1.90,0.65,0.04,0.26,0.26,-43,211,-2.3,1.10,0.03,142,0.08,89,0.09,1.46,0.38,0.32
Eric,Oh My God,4,7,0.57,28,24,40,2.80,0.70,0.29,0.22,0.29,-226,-36,-4.7,8.60,0.31,632,0.31,281,0.26,0.42,0.36,0.43
Fenfen,eStar,3,38,0.37,91,103,218,3.00,0.68,0.20,0.17,0.26,-207,-255,-7.3,7.80,0.23,441,0.23,244,0.23,0.37,0.17,0.34
Flandre,LNG Esports,1,21,0.52,61,58,103,2.80,0.70,0.26,0.24,0.14,20,87,6.3,8.90,0.28,602,0.29,281,0.25,0.21,0.3,0.43
FoFo,Bilibili Gaming,3,39,0.54,142,90,175,3.50,0.72,0.32,0.17,0.18,75,-42,2.2,8.20,0.24,560,0.29,256,0.24,0.44,0.19,0.44
Forge,Vici Gaming,3,7,0.43,12,26,39,2.00,0.77,0.18,0.29,0.57,-45,97,4,8.50,0.24,443,0.25,240,0.23,0.42,0.24,0.29
GALA,Royal Never Give Up,4,21,0.33,81,43,141,5.20,0.69,0.25,0.16,0.33,334,165,11.1,10.00,0.34,565,0.29,324,0.28,0.31,0.3,0.57
Garvey,LGD Gaming,1,1,1.00,3,3,1,1.30,0.57,0.43,0.23,0.00,-280,-300,-8,7.10,0.22,367,0.28,221,0.23,0.43,0.13,0.00
GimGoon,FunPlus Phoenix,1,13,0.54,34,46,97,2.80,0.66,0.17,0.26,0.08,-316,-194,-7,7.10,0.23,540,0.27,247,0.21,0.5,0.23,0.69
H4cker,Oh My God,2,41,0.37,82,125,250,2.70,0.67,0.17,0.20,0.37,-31,-98,-0.6,5.30,0.16,203,0.11,185,0.17,0.48,0.39,0.37
Hang,Vici Gaming,5,24,0.54,12,70,156,2.40,0.63,0.05,0.24,0.29,93,22,6.3,1.60,0.04,125,0.07,101,0.09,1.63,0.41,0.46
Haro,Rogue Warriors,2,31,0.45,107,85,175,3.30,0.74,0.28,0.18,0.45,-89,-138,-1.9,6.30,0.21,284,0.16,225,0.22,0.43,0.37,0.35
Helper,Dominus Esports,4,6,0.83,14,16,20,2.10,0.77,0.32,0.14,0.17,-502,-244,-16,7.40,0.26,416,0.23,240,0.24,0.4,0.32,0.00
Holder,Rogue Warriors,1,33,0.36,79,130,169,1.90,0.62,0.20,0.26,0.24,-146,-133,-7.5,6.60,0.20,333,0.19,210,0.21,0.3,0.18,0.33
Hope,EDward Gaming,4,33,0.48,138,70,210,5.00,0.73,0.29,0.19,0.18,50,32,1,9.70,0.33,519,0.29,312,0.27,0.46,0.43,0.58
huanfeng,Suning,4,42,0.52,141,81,218,4.40,0.65,0.26,0.16,0.21,20,-40,-0.4,9.30,0.33,565,0.29,297,0.27,0.43,0.29,0.60
iBoy,Vici Gaming,4,41,0.46,139,94,211,3.70,0.69,0.28,0.19,0.20,-31,70,-1.5,9.40,0.32,516,0.28,296,0.27,0.52,0.45,0.46
icon,Oh My God,3,41,0.56,127,115,201,2.90,0.66,0.26,0.19,0.12,-71,-55,2.6,8.40,0.25,492,0.27,258,0.24,0.39,0.14,0.37
irma,eStar,3,2,0.00,4,5,6,2.00,0.63,0.25,0.18,0.00,208,226,9,7.80,0.21,300,0.22,231,0.22,0.41,0.13,0.00
Iwandy,LNG Esports,5,17,0.65,6,39,114,3.10,0.72,0.04,0.21,0.24,83,110,1.8,1.40,0.04,147,0.08,100,0.09,1.69,0.4,0.41
JackeyLove,Top Esports,4,35,0.49,166,99,219,3.90,0.70,0.30,0.24,0.20,0,-21,4.7,9.30,0.30,708,0.33,317,0.26,0.36,0.5,0.71
Jiejie,EDward Gaming,2,27,0.22,82,49,225,6.30,0.75,0.20,0.16,0.44,52,-93,-1.9,5.00,0.14,247,0.14,200,0.17,0.55,0.42,0.59
Jiumeng,Team WE,4,43,0.51,195,107,256,4.20,0.77,0.33,0.20,0.23,58,13,5.4,9.60,0.33,664,0.35,314,0.28,0.38,0.4,0.56
JunJia,EDward Gaming,2,11,0.27,33,28,67,3.60,0.70,0.23,0.19,0.55,65,125,3.3,5.40,0.16,250,0.14,198,0.18,0.56,0.44,0.36
kaixuan,Rogue Warriors,5,3,0.67,3,22,18,1.00,0.66,0.09,0.30,0.33,-469,-279,-1,1.30,0.04,127,0.07,102,0.11,1.56,0.32,0.00
Kanavi,JD Gaming,2,39,0.64,134,94,281,4.40,0.69,0.22,0.23,0.38,-76,19,0.2,6.50,0.19,357,0.18,238,0.20,0.41,0.51,0.72
Karsa,Top Esports,2,37,0.49,85,89,319,4.50,0.67,0.14,0.21,0.35,-218,-251,-4.8,5.20,0.15,227,0.11,200,0.17,0.52,0.38,0.73
Khan,FunPlus Phoenix,4,3,0.67,16,10,11,2.70,0.55,0.33,0.17,0.33,-8,1058,-3.3,7.30,0.24,635,0.28,267,0.24,0.42,0.26,0.33
Khan,FunPlus Phoenix,1,28,0.57,71,67,147,3.30,0.61,0.20,0.18,0.32,-64,-41,-1.1,7.30,0.23,407,0.21,230,0.21,0.46,0.21,0.46
Killua,LGD Gaming,5,1,1.00,0,4,6,1.50,1.00,0.00,0.21,0.00,100,-938,-10,0.60,0.02,311,0.19,85,0.09,1.65,0.48,0.00
Kingen,Bilibili Gaming,1,31,0.61,63,106,144,2.00,0.62,0.19,0.26,0.42,73,-66,-1.1,7.30,0.22,437,0.24,225,0.21,0.4,0.18,0.45
knight,Top Esports,3,37,0.46,211,63,244,7.20,0.76,0.35,0.15,0.22,204,107,3.8,9.00,0.27,576,0.27,311,0.26,0.35,0.31,0.73
Kramer,LGD Gaming,4,40,0.43,144,68,204,5.10,0.69,0.29,0.15,0.23,-24,58,-3.5,9.40,0.32,572,0.31,301,0.27,0.45,0.35,0.55
l3est16,Bilibili Gaming,2,12,0.25,19,32,53,2.30,0.70,0.18,0.18,0.25,61,7,-0.3,5.60,0.16,220,0.13,188,0.19,0.42,0.44,0.25
LANGX,LGD Gaming,1,39,0.38,87,104,198,2.70,0.58,0.18,0.23,0.18,97,25,-1.5,7.90,0.24,354,0.20,243,0.22,0.41,0.18,0.56
Ley,Rogue Warriors,5,33,0.39,16,106,270,2.70,0.74,0.04,0.21,0.27,-78,-98,-1.1,1.10,0.04,153,0.09,96,0.09,1.45,0.37,0.33
Leyan,Vici Gaming,2,22,0.41,59,73,111,2.30,0.64,0.22,0.25,0.41,218,336,5.6,6.50,0.20,339,0.18,217,0.20,0.38,0.58,0.41
Light,LNG Esports,4,36,0.33,121,77,144,3.40,0.71,0.33,0.17,0.17,-44,-138,-1.4,9.30,0.32,524,0.28,290,0.27,0.39,0.29,0.36
LokeN,JD Gaming,4,39,0.44,173,69,262,6.30,0.72,0.29,0.17,0.28,162,22,2,9.30,0.29,556,0.28,310,0.26,0.4,0.3,0.72
LvMao,JD Gaming,5,39,0.51,28,104,397,4.10,0.71,0.05,0.25,0.33,6,110,0.3,1.10,0.03,160,0.08,110,0.09,1.67,0.36,0.72
Lwx,FunPlus Phoenix,4,38,0.45,139,82,233,4.50,0.73,0.27,0.17,0.16,83,52,-1.6,8.80,0.30,512,0.27,287,0.26,0.46,0.34,0.55
Maestro,Vici Gaming,5,17,0.53,14,48,120,2.80,0.57,0.06,0.23,0.12,13,84,1.5,1.00,0.03,117,0.07,93,0.09,1.51,0.25,0.47
Maple,LNG Esports,3,36,0.47,98,79,169,3.40,0.72,0.26,0.18,0.19,36,-100,0.7,7.90,0.22,506,0.27,236,0.22,0.5,0.18,0.36
Mark,LGD Gaming,5,39,0.46,18,95,316,3.50,0.67,0.04,0.22,0.26,57,-74,0.5,1.10,0.03,135,0.07,98,0.09,1.67,0.39,0.56
Meiko,EDward Gaming,5,38,0.55,27,104,345,3.60,0.67,0.05,0.23,0.24,43,-36,0.2,1.10,0.03,150,0.08,103,0.09,1.58,0.34,0.53
Meteor,Bilibili Gaming,2,27,0.48,67,58,198,4.60,0.78,0.20,0.17,0.56,247,199,1.8,5.80,0.17,285,0.14,207,0.19,0.4,0.5,0.52
Ming,Royal Never Give Up,5,39,0.56,31,106,315,3.30,0.66,0.06,0.24,0.36,196,59,1,1.30,0.04,161,0.09,109,0.10,1.67,0.37,0.54
Missing,Team WE,5,43,0.56,34,144,377,2.90,0.70,0.06,0.27,0.23,-61,-35,-4,1.20,0.03,175,0.09,105,0.09,1.74,0.45,0.56
Mitsuki,Dominus Esports,5,15,0.27,6,57,88,1.60,0.65,0.04,0.21,0.20,-69,-14,1.3,1.00,0.03,140,0.09,82,0.08,1.32,0.17,0.20
Mole,Victory Five,3,41,0.37,130,93,236,3.90,0.70,0.25,0.22,0.37,23,-98,-2.3,7.70,0.21,490,0.28,250,0.22,0.3,0.17,0.63
Morgan,Team WE,1,43,0.28,88,102,259,3.40,0.59,0.15,0.19,0.16,-128,-176,-4.6,7.50,0.23,343,0.18,234,0.21,0.36,0.27,0.56
New,Royal Never Give Up,1,38,0.58,86,103,182,2.60,0.52,0.17,0.24,0.16,27,128,-0.8,7.60,0.23,358,0.20,238,0.21,0.39,0.16,0.55
Ning,Invictus Gaming,2,41,0.39,117,97,298,4.30,0.70,0.20,0.17,0.32,-75,-111,-0.1,5.50,0.15,264,0.12,208,0.18,0.38,0.35,0.63
Peanut,LGD Gaming,2,40,0.65,114,97,250,3.80,0.73,0.23,0.21,0.48,140,63,-0.5,5.70,0.17,291,0.16,206,0.18,0.37,0.58,0.55
ppgod,Victory Five,5,41,0.54,16,102,364,3.70,0.73,0.03,0.25,0.15,-40,37,-0.1,1.00,0.03,128,0.07,104,0.09,1.6,0.31,0.63
Puff,Invictus Gaming,4,41,0.56,182,88,198,4.30,0.64,0.31,0.16,0.20,-38,-147,-2,9.40,0.33,549,0.25,311,0.26,0.4,0.4,0.63
QiuQiu,Top Esports,4,2,0.50,8,7,23,4.40,0.65,0.17,0.29,0.50,420,-208,-4,8.40,0.24,543,0.21,295,0.22,0.51,0.32,1.00
rat,eStar,4,9,0.56,30,20,44,3.70,0.69,0.28,0.15,0.22,-47,268,-3.1,9.00,0.31,503,0.25,281,0.26,0.38,0.26,0.22
Reheal,Invictus Gaming,5,4,0.50,0,16,37,2.30,0.67,0.00,0.28,0.50,-166,-259,-2,1.00,0.02,130,0.06,93,0.08,1.23,0.23,0.50
Rookie,Invictus Gaming,3,41,0.59,131,104,272,3.90,0.68,0.22,0.19,0.17,104,126,8.7,8.00,0.23,610,0.27,265,0.22,0.37,0.23,0.63
Ruby,Rogue Warriors,3,18,0.28,62,63,103,2.60,0.75,0.28,0.18,0.28,-153,102,-0.9,7.20,0.23,544,0.29,226,0.23,0.46,0.27,0.17
SamD,Victory Five,4,36,0.58,130,66,182,4.70,0.68,0.29,0.18,0.06,-67,67,0.6,10.20,0.36,491,0.28,323,0.28,0.45,0.42,0.61
Scout,EDward Gaming,3,38,0.42,138,80,274,5.20,0.75,0.25,0.18,0.39,173,106,0.3,8.60,0.27,526,0.29,285,0.25,0.37,0.2,0.53
ShiauC,eStar,5,40,0.63,34,147,300,2.30,0.71,0.07,0.24,0.35,40,46,-1.8,1.10,0.03,159,0.09,101,0.09,1.77,0.36,0.33
Smlz,Oh My God,4,34,0.53,101,103,164,2.60,0.67,0.25,0.20,0.29,60,-13,1.7,9.20,0.31,487,0.27,280,0.26,0.37,0.36,0.35
SofM,Suning,2,42,0.36,98,103,294,3.80,0.71,0.18,0.21,0.36,5,88,2.7,5.50,0.16,272,0.13,197,0.17,0.75,0.62,0.60
Sora,Oh My God,5,14,0.43,12,31,113,4.00,0.79,0.08,0.15,0.50,-19,-105,-1.1,1.20,0.03,178,0.09,100,0.10,1.73,0.38,0.29
Southwind,Invictus Gaming,5,21,0.48,12,52,149,3.10,0.62,0.05,0.19,0.14,10,1,0.8,1.10,0.03,154,0.07,105,0.09,1.52,0.3,0.52
SwordArt,Suning,5,42,0.57,44,111,330,3.40,0.68,0.08,0.22,0.24,-14,35,-0.9,1.00,0.03,151,0.08,107,0.10,1.75,0.31,0.60
Teacherma,Team WE,3,43,0.53,134,105,298,4.10,0.74,0.23,0.19,0.21,-88,-67,-4.4,7.80,0.23,386,0.21,248,0.22,0.37,0.16,0.56
TheShy,Invictus Gaming,1,41,0.61,134,155,206,2.20,0.57,0.23,0.28,0.12,200,89,10.9,8.20,0.26,651,0.29,284,0.24,0.38,0.16,0.63
Tian,FunPlus Phoenix,2,41,0.54,118,118,275,3.30,0.70,0.21,0.22,0.46,-30,97,3.8,5.70,0.17,310,0.16,207,0.19,0.51,0.45,0.54
Twila,Dominus Esports,3,36,0.44,92,122,154,2.00,0.67,0.25,0.20,0.22,-131,64,0.4,8.10,0.24,442,0.26,241,0.24,0.41,0.21,0.17
Wei,eStar,2,40,0.70,130,125,213,2.70,0.72,0.27,0.20,0.48,91,70,0.3,5.80,0.17,344,0.19,213,0.20,0.79,0.58,0.33
Weiwei,Victory Five,2,41,0.41,124,66,268,5.90,0.75,0.24,0.16,0.34,161,262,3.4,6.10,0.18,309,0.17,225,0.20,0.5,0.46,0.63
Wings,Bilibili Gaming,4,39,0.46,114,89,189,3.40,0.68,0.26,0.17,0.08,-62,80,3.1,9.90,0.36,549,0.28,300,0.28,0.5,0.4,0.44
Wink,eStar,4,31,0.42,95,94,154,2.60,0.68,0.26,0.19,0.19,286,117,8.5,9.70,0.33,607,0.33,299,0.28,0.41,0.36,0.35
Wuming,Rogue Warriors,3,18,0.50,44,36,96,3.90,0.70,0.22,0.16,0.06,-328,-303,-12.1,7.30,0.22,391,0.24,224,0.22,0.47,0.17,0.44
Xiaguang,EDward Gaming,4,5,0.60,19,11,26,4.10,0.62,0.26,0.13,0.20,-541,-174,-24.2,7.70,0.30,503,0.27,263,0.25,0.46,0.34,0.20
Xiaobai,eStar,1,35,0.40,82,110,149,2.10,0.55,0.19,0.21,0.29,-168,-144,-7.6,7.40,0.23,332,0.18,228,0.21,0.38,0.14,0.37
Xiaohu,Royal Never Give Up,3,35,0.57,124,72,222,4.80,0.70,0.25,0.18,0.20,225,177,3.2,8.60,0.26,487,0.26,280,0.25,0.37,0.24,0.57
Xiaopeng,Dominus Esports,2,36,0.67,82,138,189,2.00,0.74,0.22,0.23,0.47,-155,-127,-3.4,5.60,0.17,287,0.17,195,0.19,0.52,0.53,0.17
Xiaoxiang,EDward Gaming,1,18,0.44,73,51,103,3.50,0.67,0.28,0.28,0.39,17,-80,-3.3,7.80,0.24,396,0.23,261,0.22,0.45,0.19,0.61
XinMo,Bilibili Gaming,5,39,0.44,21,119,277,2.50,0.67,0.05,0.23,0.13,-123,-58,-2.1,0.90,0.02,132,0.07,87,0.08,1.69,0.28,0.44
Xiye,LGD Gaming,3,40,0.50,136,89,222,4.00,0.71,0.27,0.19,0.25,-57,15,-2.4,8.30,0.25,466,0.25,266,0.24,0.34,0.22,0.55
XLB,Royal Never Give Up,2,39,0.56,126,90,232,4.00,0.69,0.24,0.20,0.41,32,-118,-3.5,5.20,0.14,281,0.15,198,0.18,0.64,0.48,0.54
xubin,Dominus Esports,4,30,0.60,79,77,135,2.80,0.66,0.24,0.15,0.17,-312,-278,-8.6,9.00,0.32,442,0.26,274,0.26,0.37,0.37,0.20
Xx,LNG Esports,2,36,0.56,46,84,220,3.20,0.72,0.12,0.19,0.22,-182,-216,-3.8,5.40,0.16,209,0.11,180,0.17,0.42,0.41,0.36
y4,Victory Five,4,5,0.60,19,3,32,17.00,0.79,0.29,0.08,0.20,36,179,-0.6,8.80,0.31,427,0.24,297,0.26,0.39,0.39,0.80
Yagao,JD Gaming,3,39,0.49,152,64,268,6.60,0.70,0.25,0.15,0.23,78,110,0.3,8.50,0.25,495,0.25,286,0.24,0.42,0.25,0.72
Youdang,Rogue Warriors,2,5,0.40,7,22,18,1.10,0.66,0.18,0.20,0.40,-110,-169,-6.2,4.60,0.14,197,0.12,169,0.19,0.36,0.25,0.00
Yui,Dominus Esports,5,21,0.62,15,78,134,1.90,0.67,0.07,0.23,0.19,-9,1,1.7,1.10,0.03,161,0.10,91,0.09,1.49,0.32,0.14
yuyanjia,Top Esports,5,37,0.54,27,86,378,4.70,0.67,0.05,0.20,0.27,-82,-65,-1,1.00,0.02,163,0.08,109,0.09,1.63,0.28,0.73
Zeka,Vici Gaming,3,34,0.47,132,47,170,6.40,0.69,0.30,0.12,0.26,41,113,-1.2,7.70,0.22,489,0.26,251,0.23,0.45,0.18,0.50
Zoom,JD Gaming,1,39,0.46,116,86,255,4.30,0.62,0.19,0.21,0.10,-116,-34,-1,8.20,0.24,446,0.22,269,0.22,0.46,0.14,0.72
ZWuJi,Rogue Warriors,4,36,0.69,100,100,198,3.00,0.71,0.24,0.17,0.25,-125,-72,-3.6,8.90,0.33,536,0.31,272,0.27,0.35,0.41,0.31
AHaHaCiK,Unicorns Of Love.CIS,2,12,0.50,48,21,98,7.00,0.62,0.20,0.21,0.33,90,-37,-7.1,5.20,0.16,294,0.13,242,0.18,0.42,0.28,1.00
Anechek,Elements Pro Gaming,2,13,0.31,30,41,46,1.90,0.66,0.26,0.21,0.23,-71,70,1.8,6.00,0.20,300,0.17,198,0.21,0.37,0.33,0.23
Aoi Haru,Dragon Army,1,12,0.50,23,31,58,2.60,0.62,0.18,0.18,0.25,23,280,5.2,7.10,0.22,359,0.19,210,0.20,0.44,0.07,0.33
Argonavt,Dragon Army,4,12,0.42,25,24,68,3.90,0.71,0.19,0.14,0.08,129,157,15.9,9.10,0.31,589,0.30,271,0.26,0.36,0.24,0.33
arnax,Dragon Army,3,12,0.67,45,39,46,2.30,0.70,0.34,0.23,0.25,-98,-85,0.4,8.40,0.28,510,0.27,264,0.26,0.44,0.25,0.33
BOSS,Unicorns Of Love.CIS,1,12,0.33,52,25,52,4.20,0.44,0.22,0.26,0.08,297,8,0.8,7.70,0.25,428,0.19,290,0.21,0.35,0.11,1.00
CblpHuK,Elements Pro Gaming,5,13,0.62,8,33,70,2.40,0.67,0.07,0.17,0.23,-11,-37,4.4,1.60,0.06,157,0.09,92,0.10,1.25,0.34,0.23
Diamondprox,Gambit Esports,2,12,0.67,31,15,80,7.40,0.62,0.17,0.16,0.58,496,492,10,6.60,0.18,344,0.17,246,0.19,0.54,0.48,0.92
Dimonko,Dragon Army,5,12,0.42,12,39,76,2.30,0.67,0.09,0.23,0.08,-322,-215,-10.3,1.20,0.04,206,0.10,95,0.09,1.26,0.33,0.33
Dreampullka,Gambit Esports,1,12,0.67,33,22,64,4.40,0.54,0.18,0.24,0.42,367,191,7.6,8.30,0.25,393,0.20,278,0.21,0.41,0.08,0.92
Gadget,Unicorns Of Love.CIS,4,12,0.42,55,17,90,8.50,0.61,0.23,0.17,0.25,275,394,2.9,8.70,0.27,606,0.28,319,0.24,0.34,0.41,1.00
Griffon,Vega Squadron,3,13,0.62,27,47,39,1.40,0.70,0.29,0.26,0.08,-127,79,3.2,9.10,0.29,440,0.33,252,0.27,0.44,0.19,0.15
ItsCortez,Dragon Army,2,12,0.42,26,40,51,1.90,0.59,0.20,0.23,0.25,12,117,7.5,5.60,0.16,285,0.15,193,0.19,0.27,0.35,0.33
Jestkui Max,One Breath Gaming,5,12,0.25,13,28,101,4.10,0.75,0.09,0.24,0.33,101,-52,-0.4,1.10,0.03,140,0.08,110,0.10,1.34,0.29,0.67
Keysie,RoX,3,12,0.67,17,61,43,1.00,0.62,0.18,0.31,0.25,-301,-301,-4.8,7.80,0.24,395,0.27,211,0.22,0.49,0.14,0.17
Kinzu,One Breath Gaming,4,12,0.58,38,19,56,4.90,0.61,0.25,0.17,0.25,119,25,0.3,8.80,0.30,454,0.25,274,0.25,0.54,0.27,0.67
Kira,Elements Pro Gaming,1,13,0.69,22,54,45,1.20,0.58,0.19,0.27,0.15,-350,-252,-4.9,7.30,0.24,431,0.25,221,0.23,0.51,0.21,0.23
Kreox,One Breath Gaming,2,12,0.58,29,27,85,4.20,0.75,0.19,0.24,0.25,-139,-40,-2.8,5.70,0.19,310,0.17,207,0.19,0.41,0.34,0.67
Laynel,Elements Pro Gaming,3,13,0.15,27,42,56,2.00,0.72,0.23,0.21,0.15,-159,-179,-6.8,7.90,0.26,401,0.24,224,0.24,0.46,0.13,0.23
Lekcyc,Gambit Esports,5,12,0.67,12,13,101,8.70,0.63,0.07,0.14,0.25,159,146,-2.5,1.40,0.04,143,0.07,134,0.10,1.27,0.46,0.92
Meleks,Vega Squadron,5,7,0.43,2,14,33,2.50,0.65,0.04,0.15,0.00,-347,-105,-0.7,1.20,0.04,122,0.09,85,0.09,1.3,0.34,0.29
MightyDragon,CrowCrowd,2,12,0.67,40,33,70,3.30,0.60,0.22,0.24,0.50,-46,-140,-4.8,5.60,0.17,322,0.16,209,0.19,0.53,0.37,0.58
Miracle,RoX,5,12,0.42,9,45,54,1.40,0.65,0.09,0.23,0.17,-72,-125,-0.5,1.30,0.04,111,0.08,90,0.09,1.39,0.33,0.17
MyKey,RoX,4,12,0.42,21,35,42,1.80,0.65,0.22,0.18,0.17,-447,-180,-5.2,8.30,0.27,381,0.27,233,0.24,0.45,0.16,0.17
Mytant,Vega Squadron,4,13,0.62,13,33,35,1.50,0.51,0.14,0.18,0.00,-170,-183,-3.2,8.40,0.29,323,0.25,223,0.24,0.35,0.22,0.15
Nomanz,Unicorns Of Love.CIS,3,12,0.58,63,17,87,8.80,0.63,0.27,0.17,0.33,451,520,10.9,9.40,0.30,685,0.31,347,0.26,0.4,0.16,1.00
NoNHoly,CrowCrowd,1,12,0.58,47,29,58,3.60,0.57,0.25,0.21,0.25,122,113,6.6,7.80,0.26,444,0.21,268,0.24,0.38,0.19,0.58
Phlaty,Gambit Esports,3,12,0.17,54,29,57,3.80,0.62,0.30,0.32,0.17,71,-86,-0.3,9.00,0.26,517,0.26,309,0.24,0.44,0.14,0.92
Ques,RoX,1,12,0.33,26,27,30,2.10,0.58,0.27,0.14,0.00,9,198,-0.1,8.00,0.26,303,0.20,246,0.26,0.35,0.15,0.17
Rare,Vega Squadron,1,7,0.57,16,16,18,2.10,0.63,0.30,0.17,0.14,28,-178,-3.9,7.50,0.26,322,0.24,224,0.24,0.45,0.13,0.29
Rein,Vega Squadron,2,13,0.38,26,34,48,2.20,0.79,0.28,0.19,0.15,-94,-83,1.2,5.10,0.14,189,0.14,173,0.19,0.45,0.37,0.15
SaNTaS,Unicorns Of Love.CIS,5,12,0.50,19,18,131,8.30,0.63,0.08,0.18,0.33,133,116,0.6,1.30,0.03,190,0.09,148,0.11,1.24,0.31,1.00
selfdestruct,Elements Pro Gaming,4,1,1.00,1,5,1,0.40,0.50,0.25,0.26,0.00,-1501,-1139,-30,4.70,0.28,275,0.23,120,0.18,0.34,0.06,0.00
Shellkunchik,Vega Squadron,1,6,0.33,8,16,12,1.30,0.50,0.20,0.18,0.00,-433,-345,-13.5,7.40,0.24,239,0.17,200,0.21,0.41,0.09,0.00
Shiganari,Gambit Esports,4,12,0.50,49,13,75,9.50,0.69,0.27,0.14,0.17,387,25,6.6,9.00,0.28,580,0.29,323,0.25,0.38,0.23,0.92
Skash,CrowCrowd,5,12,0.58,20,23,93,4.90,0.61,0.11,0.17,0.50,277,130,6.5,2.10,0.06,215,0.11,130,0.12,1.11,0.33,0.58
Smurf,One Breath Gaming,1,12,0.42,18,21,57,3.60,0.49,0.12,0.18,0.08,-239,-241,-5.8,7.30,0.23,336,0.19,229,0.21,0.44,0.15,0.67
Soul,RoX,2,12,0.50,24,29,40,2.20,0.66,0.25,0.15,0.42,-234,-378,-6.1,5.90,0.19,274,0.18,188,0.20,0.53,0.4,0.17
Stepan,CrowCrowd,4,12,0.42,35,31,88,4.00,0.67,0.19,0.23,0.42,-101,-79,-8.8,7.00,0.25,444,0.22,241,0.22,0.74,0.44,0.58
Unho1y,Elements Pro Gaming,4,12,0.58,28,23,51,3.40,0.71,0.25,0.13,0.25,-54,-47,-5.8,7.30,0.24,458,0.25,228,0.23,0.6,0.29,0.25
WildHeart,Vega Squadron,5,6,0.67,2,24,28,1.30,0.75,0.05,0.27,0.00,-124,202,4.5,1.10,0.02,89,0.06,76,0.08,1.35,0.24,0.00
XoNix,CrowCrowd,3,12,0.50,43,22,92,6.10,0.73,0.23,0.16,0.58,176,-25,-4,8.40,0.27,621,0.30,271,0.24,0.52,0.16,0.58
xTyLk,One Breath Gaming,3,12,0.67,55,20,54,5.50,0.71,0.36,0.17,0.08,10,85,1.7,8.60,0.26,570,0.31,276,0.25,0.44,0.18,0.67
Aristochrate,Brussels Guardians,1,10,0.50,19,33,43,1.90,0.63,0.19,0.21,0.00,-169,27,-2.9,6.90,0.22,431,0.24,210,0.22,0.39,0.13,0.20
Ascalon,Brussels Guardians,4,1,1.00,0,1,1,1.00,0.20,0.00,0.08,0.00,-596,-499,-16,8.90,0.30,481,0.31,207,0.24,0.28,0.15,0.00
Bardo,Aethra Esports,5,10,0.60,18,27,71,3.30,0.65,0.13,0.25,0.20,160,109,3.4,1.30,0.04,171,0.09,129,0.11,1.23,0.47,0.60
dibu,Sector One,2,10,0.50,37,24,64,4.20,0.55,0.20,0.22,0.50,493,370,4.2,5.40,0.15,316,0.13,220,0.18,0.47,0.35,0.80
Duimelot,KV Mechelen Esports,5,4,0.75,3,8,40,5.40,0.74,0.05,0.23,0.25,-119,93,1.8,1.20,0.03,146,0.08,116,0.10,1.22,0.24,0.75
Findus,RSC Anderlecht Esports,2,10,0.60,21,50,62,1.70,0.73,0.18,0.26,0.40,-459,-331,-2.5,4.50,0.15,274,0.16,165,0.18,0.26,0.3,0.30
Flawed,KV Mechelen Esports,2,10,0.50,36,18,69,5.80,0.71,0.25,0.18,0.60,379,476,9,6.00,0.19,278,0.15,226,0.20,0.69,0.4,0.70
Goksi,Aethra Esports,2,10,0.20,16,22,80,4.40,0.70,0.12,0.20,0.10,-209,-220,-5.2,4.90,0.14,204,0.10,187,0.16,0.42,0.25,0.60
HenkHenkerson,Team 7AM,3,10,0.50,20,19,42,3.30,0.58,0.19,0.16,0.30,108,212,0.9,7.80,0.23,421,0.25,216,0.22,0.35,0.08,0.40
Ioni,RSC Anderlecht Esports,5,10,0.70,11,41,80,2.20,0.80,0.10,0.21,0.40,153,85,2.8,1.10,0.03,200,0.11,101,0.11,1.19,0.22,0.30
Kawamel,Brussels Guardians,4,9,0.78,17,31,40,1.80,0.61,0.18,0.21,0.11,-533,128,-14.4,7.70,0.29,511,0.29,229,0.23,0.4,0.19,0.22
KeABambi,RSC Anderlecht Esports,1,10,0.30,21,31,37,1.90,0.51,0.18,0.16,0.20,-537,-691,-20.2,6.00,0.23,286,0.16,190,0.20,0.33,0.09,0.30
Mark,Team 7AM,5,8,0.38,4,21,62,3.10,0.70,0.04,0.21,0.63,-198,-102,-7.4,1.00,0.03,186,0.11,95,0.09,1.14,0.35,0.50
Mikkel,Aethra Esports,3,10,0.40,49,20,42,4.60,0.66,0.36,0.18,0.00,196,169,9.4,8.50,0.27,538,0.29,275,0.25,0.34,0.14,0.60
Mirai,Brussels Guardians,5,9,0.11,2,20,52,2.70,0.57,0.02,0.14,0.00,-254,-482,1.1,1.40,0.04,135,0.07,78,0.08,1.22,0.25,0.22
Night,Sector One,3,10,0.30,50,19,58,5.70,0.59,0.27,0.17,0.40,413,347,8.7,8.90,0.28,664,0.28,306,0.25,0.46,0.2,0.80
NoXe,Brussels Guardians,3,8,0.75,30,26,41,2.70,0.83,0.35,0.22,0.38,-72,-188,-2.3,8.20,0.27,463,0.24,255,0.26,0.41,0.13,0.25
Phoenix,Sector One,1,10,0.50,34,17,61,5.60,0.52,0.19,0.16,0.30,218,219,4.4,8.10,0.25,487,0.21,283,0.23,0.45,0.14,0.80
Practice,Sector One,4,10,0.40,45,28,52,3.50,0.53,0.25,0.26,0.10,346,44,10.3,8.60,0.29,717,0.29,296,0.24,0.37,0.31,0.80
Puppe,Team 7AM,5,2,0.50,1,5,8,1.80,0.75,0.08,0.26,0.00,-19,1,0,0.90,0.02,86,0.07,74,0.08,1.17,0.19,0.00
QTKT,Team 7AM,2,10,0.60,26,31,52,2.50,0.73,0.24,0.26,0.50,-127,-382,-8.5,5.30,0.16,297,0.18,189,0.19,0.48,0.44,0.40
RaiZeR,Brussels Guardians,3,2,0.50,2,12,4,0.50,0.46,0.15,0.30,0.00,-643,-344,-16,6.60,0.22,321,0.19,160,0.21,0.45,0.02,0.00
Rechter,KV Mechelen Esports,4,10,0.20,28,19,70,5.20,0.67,0.19,0.19,0.20,22,-7,0.6,8.10,0.26,450,0.24,261,0.23,0.41,0.22,0.70
Robba,KV Mechelen Esports,1,10,0.70,29,18,61,5.00,0.61,0.20,0.18,0.30,147,295,2.3,7.40,0.22,367,0.20,242,0.21,0.41,0.13,0.70
Saitam,RSC Anderlecht Esports,4,9,0.44,34,24,39,3.00,0.68,0.32,0.14,0.33,280,-91,3.6,8.30,0.31,527,0.30,264,0.28,0.35,0.26,0.33
Saviour,Sector One,5,10,0.50,17,22,96,5.10,0.62,0.09,0.20,0.10,126,337,-0.4,1.00,0.03,216,0.09,128,0.11,0.94,0.24,0.80
Shamber,Brussels Guardians,2,10,0.60,28,35,43,2.00,0.72,0.28,0.22,0.30,-78,87,3,5.60,0.19,310,0.17,196,0.21,0.33,0.4,0.20
Shinbu,RSC Anderlecht Esports,3,1,1.00,3,5,0,0.60,0.43,0.43,0.26,0.00,-952,-151,-22,7.70,0.30,342,0.24,229,0.27,0.29,0.03,0.00
shizouh,Brussels Guardians,5,1,1.00,1,2,1,1.00,0.40,0.20,0.15,0.00,-57,285,1,1.30,0.04,88,0.06,74,0.09,1.2,0.58,0.00
Slyv3r,Aethra Esports,4,10,0.70,15,18,68,4.60,0.61,0.11,0.16,0.20,-85,55,-4.5,7.70,0.24,468,0.26,238,0.21,0.4,0.16,0.60
sumi,KV Mechelen Esports,3,10,0.50,43,19,60,5.40,0.70,0.29,0.19,0.20,-110,-160,-2.8,8.90,0.30,636,0.35,292,0.26,0.39,0.2,0.70
Taz,RSC Anderlecht Esports,4,1,0.00,2,3,2,1.30,0.57,0.29,0.16,1.00,84,-127,1,7.50,0.27,379,0.26,213,0.25,0.51,0.29,0.00
Taz,RSC Anderlecht Esports,3,9,0.56,22,38,49,1.90,0.66,0.21,0.22,0.22,-363,-371,-10,7.60,0.28,486,0.27,232,0.24,0.44,0.27,0.33
Tuomari,Aethra Esports,1,10,0.60,39,23,45,3.70,0.61,0.29,0.21,0.20,314,81,13.9,8.80,0.31,501,0.27,292,0.27,0.54,0.13,0.60
Vanhoof,KV Mechelen Esports,5,6,0.50,8,16,45,3.30,0.60,0.09,0.25,0.17,7,-135,-2.8,0.90,0.02,115,0.06,97,0.09,1.27,0.27,0.67
Vinnie,Team 7AM,1,10,0.40,24,19,29,2.80,0.50,0.22,0.16,0.20,27,71,2.5,8.30,0.28,348,0.21,242,0.24,0.4,0.08,0.40
Yoni,Team 7AM,4,10,0.50,32,23,42,3.20,0.69,0.30,0.20,0.40,-4,-62,4.9,8.50,0.31,458,0.27,258,0.26,0.36,0.16,0.40
Albetrayber,PSV Esports,2,9,0.56,28,16,75,6.40,0.74,0.20,0.20,0.22,-183,28,4,6.20,0.19,283,0.14,227,0.19,0.66,0.52,0.78
Aldwar,Dynasty,4,10,0.80,29,17,23,3.10,0.49,0.27,0.14,0.20,-80,-190,-6.7,8.20,0.31,416,0.24,247,0.25,0.36,0.13,0.30
Anthrax,PSV Esports,5,10,0.50,12,22,117,5.90,0.73,0.07,0.23,0.40,64,-77,-0.1,0.70,0.02,216,0.10,127,0.10,1.36,0.19,0.80
Atrocez,Team THRLL,5,10,0.11,12,16,119,8.20,0.66,0.06,0.15,0.20,-73,60,-9.8,0.80,0.02,200,0.09,116,0.09,1,0.26,0.80
Baba,Team Echo Zulu,3,10,0.20,30,27,41,2.60,0.72,0.30,0.18,0.10,-198,-221,-1.4,8.20,0.26,569,0.32,246,0.24,0.36,0.14,0.40
Boomin,Team Echo Zulu,5,7,0.71,10,18,37,2.60,0.63,0.13,0.18,0.29,49,31,2.7,1.30,0.04,141,0.08,106,0.11,1.04,0.38,0.43
Dommy,Team Echo Zulu,5,3,1.00,2,19,16,0.90,0.75,0.08,0.41,0.00,-212,-688,-0.7,1.10,0.04,116,0.06,93,0.09,1.17,0.28,0.33
dONNIE,Team Echo Zulu,2,10,0.50,16,28,55,2.50,0.72,0.16,0.19,0.30,-37,-93,0.4,5.20,0.16,251,0.14,170,0.17,0.6,0.34,0.40
Drop,Team THRLL,4,3,0.67,8,4,23,7.80,0.66,0.17,0.18,0.00,182,12,10.3,9.00,0.28,398,0.20,288,0.23,0.49,0.17,1.00
Dummy,Dynasty,5,10,0.60,5,28,63,2.40,0.64,0.05,0.22,0.20,12,106,-0.5,1.00,0.03,154,0.10,86,0.09,1.22,0.31,0.30
FatShield,Dynasty,1,10,0.40,25,24,49,3.10,0.70,0.24,0.19,0.50,148,27,0,7.40,0.25,432,0.27,240,0.25,0.41,0.14,0.30
Furuy,PSV Esports,3,10,0.40,37,22,84,5.50,0.69,0.21,0.23,0.30,-43,40,4.6,9.00,0.26,565,0.27,290,0.23,0.39,0.15,0.80
Gijsje,mCon esports Rotterdam,5,10,0.67,5,33,38,1.30,0.54,0.06,0.18,0.10,-140,16,1.5,1.20,0.04,111,0.08,81,0.10,0.84,0.29,0.10
Hachi,mCon esports Rotterdam,1,10,0.33,23,36,16,1.10,0.49,0.29,0.20,0.20,-226,-321,-4.5,7.20,0.27,302,0.23,209,0.24,0.44,0.11,0.10
Hades,LowLandLions,2,9,0.56,32,19,58,4.70,0.72,0.26,0.18,0.44,140,183,4.2,6.20,0.19,358,0.18,233,0.21,0.48,0.32,0.67
Hades,LowLandLions,5,1,0.00,1,5,6,1.40,0.39,0.06,0.14,0.00,-98,744,4,1.80,0.15,394,0.16,135,0.13,1.73,0.39,0.00
Jkalam,Team Echo Zulu,4,10,0.60,28,27,39,2.50,0.68,0.28,0.18,0.20,-134,-16,1.5,8.40,0.28,475,0.26,255,0.26,0.43,0.27,0.40
Joekie,PSV Esports,2,1,1.00,2,0,14,16.00,0.44,0.06,0.00,0.00,171,79,0,5.50,0.22,319,0.10,208,0.14,0.31,0.35,1.00
Kitty,PSV Esports,4,10,0.50,61,18,61,6.80,0.69,0.35,0.19,0.30,203,227,5.4,8.60,0.27,577,0.27,325,0.26,0.44,0.26,0.80
Kruimel,Team THRLL,3,9,0.63,42,19,80,6.40,0.66,0.23,0.18,0.33,455,337,4.2,7.70,0.22,545,0.24,273,0.22,0.43,0.18,0.78
Kubu,Team THRLL,1,10,0.67,36,20,76,5.60,0.57,0.18,0.19,0.30,372,419,12.2,8.70,0.27,513,0.23,292,0.24,0.47,0.16,0.80
Lian,Dynasty,2,10,0.50,18,27,63,3.00,0.76,0.17,0.21,0.60,201,223,4.6,5.30,0.16,252,0.15,182,0.19,0.6,0.34,0.30
Looca,LowLandLions,1,10,0.60,24,29,46,2.40,0.49,0.17,0.20,0.00,-103,-134,-4.9,7.30,0.24,407,0.20,240,0.21,0.48,0.12,0.60
Mytheos,Team THRLL,4,7,0.33,43,18,55,5.40,0.65,0.29,0.21,0.29,403,-1,13,8.80,0.29,688,0.29,311,0.25,0.3,0.13,0.71
Mytheos,Team THRLL,3,1,0.00,4,1,1,5.00,0.42,0.33,0.20,0.00,408,-176,3,9.90,0.27,451,0.29,335,0.25,0.42,0.15,1.00
Orre,LowLandLions,4,9,0.44,28,21,58,4.10,0.69,0.22,0.20,0.33,223,266,3.7,7.70,0.24,505,0.26,266,0.23,0.31,0.21,0.67
Orre,LowLandLions,3,1,1.00,10,4,1,2.80,0.61,0.56,0.11,0.00,700,645,0,6.80,0.25,750,0.30,339,0.31,0.16,0.04,0.00
Pieter05,mCon esports Rotterdam,2,10,0.44,13,39,36,1.30,0.62,0.17,0.22,0.20,-471,-514,-11.8,4.40,0.13,165,0.12,143,0.17,0.59,0.34,0.10
Quicktimer,LowLandLions,4,1,0.00,1,10,5,0.60,0.33,0.06,0.28,0.00,-270,189,-2,6.70,0.28,454,0.18,188,0.18,0.35,0.2,0.00
Quicktimer,LowLandLions,5,8,0.25,3,25,74,3.10,0.68,0.03,0.29,0.38,71,-80,-0.3,1.10,0.03,184,0.09,117,0.10,1.45,0.34,0.75
Raqo,LowLandLions,2,1,0.00,2,5,4,1.20,0.33,0.11,0.14,0.00,-171,-79,0,4.70,0.16,345,0.14,174,0.16,0.59,0.24,0.00
Raqo,LowLandLions,3,9,0.44,42,17,39,4.80,0.65,0.34,0.16,0.11,-50,107,-0.6,8.60,0.28,532,0.27,285,0.25,0.4,0.22,0.67
Raxhy,Team THRLL,2,10,0.44,53,30,79,4.40,0.67,0.27,0.28,0.30,345,194,-0.6,6.30,0.19,389,0.18,248,0.20,0.36,0.27,0.80
Reality,mCon esports Rotterdam,4,10,0.22,10,34,35,1.30,0.57,0.13,0.19,0.10,-500,-282,-15.5,7.30,0.27,346,0.25,198,0.23,0.42,0.16,0.10
Sebs,Team Echo Zulu,1,10,0.40,13,28,47,2.10,0.61,0.13,0.19,0.30,-148,-63,-6.3,7.70,0.26,388,0.21,224,0.23,0.34,0.08,0.40
Seem,mCon esports Rotterdam,3,9,0.88,26,36,25,1.40,0.70,0.36,0.22,0.00,-181,-43,0.6,8.00,0.28,444,0.33,233,0.26,0.3,0.14,0.11
Silas,Dynasty,3,10,0.50,29,30,44,2.40,0.69,0.27,0.24,0.50,-67,-221,-7,7.30,0.25,413,0.25,219,0.23,0.42,0.12,0.30
Stxrm,LowLandLions,5,1,1.00,0,7,5,0.70,0.46,0.00,0.33,0.00,1192,691,70,4.90,0.11,119,0.07,132,0.14,0.28,0.03,0.00
Yeetified,mCon esports Rotterdam,3,1,1.00,2,3,1,1.00,0.50,0.33,0.16,0.00,-43,-64,-3,9.10,0.32,348,0.28,234,0.29,0.23,0.2,0.00
Zhergoth,PSV Esports,1,10,0.60,36,19,43,4.20,0.45,0.21,0.20,0.10,-43,72,3.5,8.30,0.27,485,0.22,284,0.23,0.4,0.09,0.80
Abbedagge,FC Schalke 04 Esports,3,18,0.61,63,38,77,3.70,0.69,0.31,0.18,0.11,57,22,1.9,9.50,0.29,542,0.29,279,0.26,0.43,0.26,0.44
Alphari,Origen,1,18,0.67,37,43,73,2.60,0.64,0.22,0.22,0.33,262,232,14.5,8.20,0.26,432,0.25,251,0.24,0.45,0.14,0.33
Bwipo,Fnatic,1,18,0.28,49,69,93,2.10,0.64,0.22,0.26,0.22,-107,-222,-7.6,7.30,0.22,418,0.22,239,0.21,0.52,0.13,0.50
Cabochard,Team Vitality,1,18,0.56,35,41,72,2.60,0.55,0.18,0.19,0.11,-181,-33,-4.2,6.80,0.20,315,0.20,207,0.20,0.5,0.15,0.39
Caedrel,Excel Esports,2,18,0.61,26,40,73,2.50,0.60,0.16,0.19,0.39,16,5,1.5,4.90,0.13,170,0.10,164,0.15,0.52,0.41,0.44
Caps,G2 Esports,3,18,0.44,86,38,95,4.80,0.71,0.34,0.16,0.22,88,-71,-1.4,9.20,0.27,575,0.29,303,0.26,0.4,0.19,0.61
Carzzy,MAD Lions,4,18,0.67,55,35,121,5.00,0.69,0.22,0.18,0.33,-418,-377,-21.3,6.90,0.24,515,0.25,249,0.22,0.61,0.28,0.67
Comp,Team Vitality,4,18,0.56,72,41,82,3.80,0.80,0.37,0.19,0.33,19,141,-1.9,9.80,0.33,579,0.34,314,0.29,0.44,0.31,0.39
Crownshot,SK Gaming,4,18,0.39,64,33,87,4.60,0.70,0.30,0.15,0.33,141,199,8.3,9.50,0.32,546,0.31,308,0.28,0.37,0.33,0.50
Dan Dan,Misfits Gaming,1,18,0.61,40,36,61,2.80,0.55,0.22,0.15,0.06,-150,-157,-6.7,7.90,0.26,411,0.23,251,0.24,0.44,0.12,0.39
denyk,Misfits Gaming,5,5,0.40,4,23,33,1.60,0.67,0.07,0.27,0.00,-221,146,1.6,0.90,0.03,162,0.08,85,0.08,1.67,0.24,0.40
Destiny,Origen,5,9,0.78,6,18,53,3.30,0.62,0.06,0.23,0.11,45,88,-0.4,0.90,0.02,103,0.06,83,0.08,1.76,0.29,0.44
Doss,Misfits Gaming,5,13,0.38,3,41,75,1.90,0.60,0.02,0.26,0.08,-3,-21,-0.8,1.00,0.02,117,0.07,85,0.08,1.54,0.28,0.38
Dreams,FC Schalke 04 Esports,5,15,0.20,13,36,111,3.40,0.66,0.07,0.22,0.33,12,16,-0.1,0.90,0.02,150,0.08,89,0.08,1.5,0.28,0.53
FEBIVEN,Misfits Gaming,3,18,0.61,44,47,75,2.50,0.64,0.24,0.20,0.22,-121,-64,0.3,8.80,0.27,505,0.29,259,0.25,0.33,0.23,0.39
Finn,Rogue,1,18,0.39,34,37,110,3.90,0.60,0.14,0.29,0.39,77,127,-2.6,7.30,0.23,419,0.24,242,0.21,0.49,0.12,0.72
Gilius,FC Schalke 04 Esports,2,12,0.50,48,25,75,4.90,0.69,0.27,0.19,0.50,-11,58,0.4,5.70,0.17,283,0.14,210,0.18,0.51,0.46,0.67
Hans sama,Rogue,4,18,0.44,80,31,82,5.20,0.67,0.33,0.24,0.06,145,116,5.8,9.30,0.31,524,0.28,313,0.27,0.37,0.43,0.72
Humanoid,MAD Lions,3,18,0.33,79,50,99,3.60,0.70,0.31,0.25,0.28,106,185,8.3,9.30,0.30,606,0.31,310,0.27,0.44,0.19,0.67
Hylissang,Fnatic,5,18,0.61,15,82,127,1.70,0.64,0.07,0.31,0.50,37,119,-3.9,1.10,0.03,156,0.08,106,0.09,1.4,0.36,0.50
Innaxe,FC Schalke 04 Esports,4,3,0.33,8,9,5,1.40,0.87,0.53,0.21,0.00,-362,-185,-17.3,8.90,0.31,663,0.39,263,0.28,0.34,0.41,0.00
Inspired,Rogue,2,18,0.39,30,18,144,9.70,0.72,0.12,0.14,0.44,116,-20,-2.2,5.00,0.14,178,0.10,179,0.16,0.36,0.49,0.72
Jactroll,Origen,5,9,0.67,2,34,49,1.50,0.67,0.03,0.28,0.11,-197,-163,-2.7,0.80,0.02,124,0.07,74,0.07,1.87,0.23,0.22
Jankos,G2 Esports,2,18,0.56,39,48,123,3.40,0.64,0.15,0.21,0.39,-61,81,-0.4,5.20,0.15,257,0.14,190,0.17,0.49,0.39,0.61
Jenax,SK Gaming,1,18,0.50,47,47,80,2.70,0.59,0.22,0.22,0.33,-23,-68,-3.7,7.60,0.23,403,0.23,231,0.21,0.45,0.16,0.50
Kaiser,MAD Lions,5,18,0.61,24,36,152,4.90,0.69,0.09,0.18,0.28,204,160,13.2,2.30,0.06,212,0.10,131,0.11,1.56,0.32,0.67
Kobbe,Misfits Gaming,4,18,0.56,58,33,70,3.90,0.69,0.31,0.14,0.06,-86,15,-0.9,9.30,0.32,475,0.27,294,0.28,0.3,0.28,0.39
Kryze,Excel Esports,1,18,0.44,34,44,53,2.00,0.53,0.21,0.21,0.22,30,58,-0.7,8.60,0.27,392,0.24,270,0.24,0.42,0.14,0.44
Labrov,Team Vitality,5,18,0.44,7,47,148,3.30,0.80,0.04,0.22,0.33,-4,-174,0.8,1.00,0.03,124,0.07,92,0.09,1.73,0.37,0.39
Larssen,Rogue,3,18,0.61,86,26,84,6.50,0.70,0.36,0.20,0.28,186,232,4.4,9.80,0.31,576,0.31,326,0.28,0.36,0.17,0.72
LIMIT,SK Gaming,5,18,0.50,16,45,141,3.50,0.72,0.07,0.21,0.33,-88,-81,-5.1,1.00,0.03,162,0.09,105,0.09,1.9,0.33,0.50
Lurox,FC Schalke 04 Esports,2,6,0.50,4,15,12,1.10,0.62,0.15,0.19,0.50,-58,-44,-2.7,5.30,0.15,145,0.10,149,0.16,0.48,0.46,0.00
Mikyx,G2 Esports,5,18,0.44,14,53,133,2.80,0.58,0.06,0.23,0.28,150,117,5.3,1.60,0.04,162,0.09,112,0.10,1.68,0.42,0.61
Milica,Team Vitality,3,18,0.56,56,34,79,4.00,0.70,0.29,0.16,0.17,-80,-33,-5.3,9.50,0.31,471,0.29,288,0.27,0.51,0.28,0.39
Nemesis,Fnatic,3,18,0.56,49,43,83,3.10,0.60,0.22,0.16,0.11,-118,-179,-3.4,9.30,0.27,469,0.25,289,0.25,0.37,0.23,0.50
Neon,FC Schalke 04 Esports,4,15,0.33,39,32,94,4.20,0.70,0.21,0.19,0.27,27,-20,0.6,9.10,0.29,554,0.29,276,0.26,0.35,0.34,0.53
Nji,Team Vitality,2,9,0.67,5,28,43,1.70,0.56,0.06,0.29,0.22,-126,-161,-3.7,4.90,0.14,135,0.09,165,0.15,0.78,0.37,0.44
nukeduck,Origen,3,18,0.56,37,42,80,2.80,0.68,0.22,0.21,0.28,-5,101,-2.2,8.50,0.25,405,0.23,244,0.24,0.44,0.18,0.33
Nukes,FC Schalke 04 Esports,5,3,0.67,2,8,9,1.40,0.73,0.13,0.19,0.33,136,-195,2.3,1.10,0.03,82,0.06,76,0.08,1.72,0.36,0.00
Odoamne,FC Schalke 04 Esports,1,18,0.56,27,46,110,3.00,0.67,0.13,0.22,0.39,-1,67,6.4,7.60,0.23,364,0.20,227,0.22,0.43,0.18,0.44
Orome,MAD Lions,1,18,0.67,50,33,94,4.40,0.57,0.20,0.17,0.28,-5,4,-1.4,7.80,0.26,410,0.20,263,0.23,0.43,0.13,0.67
P1noy,G2 Esports,4,2,0.50,7,5,11,3.60,0.53,0.21,0.17,1.00,-444,-132,-39,3.70,0.13,352,0.15,180,0.16,0.71,0.15,0.50
Patrik,Excel Esports,4,18,0.50,65,37,63,3.50,0.78,0.40,0.18,0.28,73,38,4.7,9.40,0.30,566,0.33,298,0.27,0.46,0.29,0.44
Perkz,G2 Esports,4,16,0.44,62,41,77,3.40,0.63,0.28,0.20,0.13,-17,-2,0.8,9.70,0.33,540,0.28,311,0.27,0.36,0.32,0.63
Razork,Misfits Gaming,2,18,0.44,36,61,92,2.10,0.69,0.20,0.25,0.28,10,-9,3.1,5.20,0.14,245,0.14,175,0.16,0.48,0.36,0.39
Rekkles,Fnatic,4,18,0.50,55,24,114,7.00,0.76,0.25,0.09,0.44,196,-62,5.3,9.20,0.30,476,0.26,292,0.26,0.35,0.32,0.50
Selfmade,Fnatic,2,18,0.39,54,44,99,3.50,0.69,0.24,0.17,0.44,49,244,5.5,6.40,0.19,345,0.19,222,0.19,0.47,0.34,0.50
Shad0w,MAD Lions,2,18,0.44,47,46,130,3.80,0.69,0.18,0.23,0.50,57,-12,-1.2,4.80,0.14,254,0.13,184,0.16,0.5,0.36,0.67
Skeanz,Team Vitality,2,9,0.56,18,24,53,3.00,0.66,0.17,0.20,0.56,-45,-89,-2.4,5.00,0.15,200,0.11,167,0.16,0.48,0.29,0.33
Special,Excel Esports,3,18,0.28,36,45,69,2.30,0.64,0.22,0.22,0.17,-74,-122,-0.9,9.30,0.28,384,0.23,271,0.25,0.44,0.19,0.44
Tore,Excel Esports,5,18,0.50,3,43,115,2.70,0.72,0.02,0.21,0.22,-101,-88,-4.4,1.10,0.03,143,0.09,88,0.08,1.4,0.41,0.44
Trick,SK Gaming,2,18,0.61,30,51,114,2.80,0.66,0.14,0.24,0.33,20,-39,-1.1,5.00,0.14,208,0.12,172,0.16,0.33,0.3,0.50
Upset,Origen,4,18,0.61,61,22,69,5.90,0.76,0.36,0.11,0.11,32,-8,6.2,9.80,0.34,585,0.32,292,0.28,0.41,0.36,0.33
Vander,Rogue,5,18,0.50,12,17,135,8.60,0.61,0.05,0.13,0.11,-92,-21,-4.5,0.90,0.02,128,0.07,95,0.08,1.56,0.26,0.72
Wunder,G2 Esports,1,18,0.33,46,49,91,2.80,0.54,0.18,0.21,0.28,97,-6,6.1,7.90,0.24,428,0.22,250,0.22,0.49,0.12,0.61
Xerxe,Origen,2,18,0.44,28,39,87,2.90,0.67,0.16,0.20,0.39,-96,-149,-1.6,4.80,0.14,241,0.13,162,0.16,0.62,0.45,0.33
ZaZee,SK Gaming,3,18,0.44,60,39,102,4.20,0.75,0.28,0.18,0.11,-39,-71,-1.8,9.10,0.28,452,0.26,285,0.26,0.43,0.18,0.50
Agresivoo,Misfits Premier,1,17,0.44,39,36,87,3.50,0.55,0.17,0.18,0.12,132,160,4.9,8.10,0.25,364,0.20,270,0.24,0.42,0.14,0.59
Backlund,IZI Dream,3,16,0.44,57,26,87,5.50,0.67,0.27,0.13,0.06,-130,-171,-4.7,8.20,0.27,542,0.31,251,0.24,0.38,0.16,0.50
Bando,LDLC OL,1,14,0.43,35,67,123,2.40,0.65,0.14,0.26,0.14,-42,-22,4.3,6.70,0.21,562,0.23,242,0.20,0.3,0.09,0.57
bluerzor,GamersOrigin,2,15,0.71,54,39,133,4.80,0.71,0.21,0.23,0.47,41,10,0.7,5.70,0.17,353,0.16,219,0.19,0.5,0.37,0.80
Darlik,Team MCES,1,9,0.22,25,36,30,1.50,0.56,0.26,0.23,0.22,-190,-237,-10.4,6.60,0.24,382,0.21,209,0.21,0.39,0.1,0.22
Decay,Team MCES,2,1,0.00,3,3,0,1.00,0.27,0.27,0.13,0.00,675,-141,16,8.70,0.33,257,0.20,225,0.25,0.38,0.11,0.00
Decay,Team MCES,3,13,0.62,43,37,44,2.40,0.64,0.31,0.17,0.15,23,-18,-2,8.40,0.27,522,0.28,257,0.26,0.46,0.2,0.15
Djoko,Team MCES,2,12,0.58,24,40,62,2.20,0.69,0.19,0.20,0.25,90,303,6.4,5.60,0.17,303,0.16,184,0.19,0.28,0.38,0.17
Djoko,Team MCES,3,1,1.00,0,7,4,0.60,0.36,0.00,0.29,0.00,-1790,-1740,-72,1.70,0.05,68,0.05,79,0.09,0.73,0.15,0.00
dreamsu,Solary,4,15,0.53,32,40,102,3.40,0.70,0.17,0.17,0.13,-360,-278,-17.5,7.10,0.24,440,0.23,233,0.22,0.64,0.29,0.33
Enjawve,GameWard,5,18,0.44,23,74,176,2.70,0.68,0.08,0.22,0.17,82,108,1.3,1.10,0.04,210,0.09,112,0.10,1.46,0.4,0.56
Exakick,LDLC OL,4,14,0.50,79,53,91,3.20,0.69,0.32,0.20,0.14,-298,-276,1.2,7.90,0.27,608,0.24,290,0.25,0.44,0.26,0.57
Eyliph,IZI Dream,1,16,0.50,49,41,94,3.50,0.67,0.23,0.20,0.31,-135,-151,-7.4,7.00,0.24,372,0.21,232,0.22,0.51,0.16,0.50
Fraid,Solary,1,15,0.47,36,56,91,2.30,0.66,0.19,0.24,0.07,-178,-292,0.1,6.40,0.20,416,0.23,211,0.21,0.36,0.16,0.33
Frappii,Team MCES,4,9,0.56,14,30,51,2.20,0.66,0.14,0.19,0.11,102,144,2.4,8.60,0.32,579,0.30,267,0.27,0.41,0.17,0.22
Hantera,Solary,5,15,0.40,14,43,130,3.30,0.75,0.07,0.18,0.27,15,19,5.2,1.40,0.05,171,0.09,105,0.10,1.42,0.28,0.33
Hustlin,GamersOrigin,5,15,0.43,19,51,161,3.50,0.68,0.07,0.30,0.40,96,166,3.1,1.20,0.03,209,0.09,110,0.10,1.23,0.42,0.80
Jezu,Misfits Premier,4,17,0.38,68,41,103,4.20,0.75,0.30,0.20,0.29,-47,35,-3.2,8.20,0.27,527,0.28,265,0.23,0.37,0.22,0.59
Karimkt,GameWard,2,18,0.44,58,75,143,2.70,0.68,0.20,0.22,0.28,8,-142,-4.9,5.00,0.17,365,0.15,198,0.18,0.54,0.28,0.56
Kikis,Team MCES,1,4,0.50,9,18,10,1.10,0.44,0.21,0.27,0.25,-314,-184,-7.5,6.80,0.22,357,0.20,211,0.21,0.42,0.2,0.00
Kirei,Misfits Premier,2,17,0.63,30,46,145,3.80,0.77,0.13,0.23,0.24,-201,-133,-3.4,5.50,0.15,335,0.18,191,0.17,0.44,0.34,0.59
Lingwi,Team MCES,1,1,0.00,0,3,4,1.30,0.57,0.00,0.16,0.00,-294,-301,-11,6.30,0.17,353,0.20,160,0.17,0.57,0.11,0.00
Lucker,Vitality.Bee,4,15,1.00,71,40,103,4.40,0.69,0.28,0.22,0.40,266,111,3.3,9.60,0.33,606,0.30,318,0.28,0.28,0.27,0.47
Manaty,Solary,2,15,0.53,33,56,94,2.30,0.66,0.17,0.24,0.27,-139,-258,-1.5,5.90,0.21,321,0.18,199,0.20,0.54,0.45,0.33
Moopz,Team MCES,5,14,0.50,11,48,93,2.20,0.70,0.07,0.20,0.29,-26,-35,1.1,1.10,0.03,167,0.09,89,0.09,1.57,0.37,0.14
Nji,Vitality.Bee,2,5,0.40,7,16,34,2.60,0.59,0.10,0.26,0.60,-67,91,-2.4,4.80,0.12,192,0.10,156,0.14,0.53,0.43,0.40
Nolan,IZI Dream,5,16,0.50,10,60,132,2.40,0.66,0.05,0.29,0.31,19,115,-2.3,1.20,0.04,160,0.10,101,0.10,1.72,0.35,0.50
Ronaldo,Misfits Premier,3,17,0.25,74,40,88,4.10,0.71,0.33,0.20,0.12,101,75,1.1,9.40,0.30,488,0.26,297,0.26,0.38,0.19,0.59
Saddy,Team MCES,4,5,0.40,16,18,19,1.90,0.70,0.32,0.21,0.40,119,173,-2,8.30,0.28,442,0.25,251,0.25,0.49,0.33,0.00
Saken,Vitality.Bee,3,15,0.67,58,29,96,5.30,0.61,0.23,0.16,0.33,-8,-59,-2.5,8.50,0.26,493,0.25,262,0.24,0.5,0.19,0.47
SALUT A TOUS,GameWard,1,18,0.61,58,65,81,2.10,0.47,0.20,0.19,0.06,218,140,6.6,7.60,0.24,509,0.23,255,0.23,0.37,0.17,0.56
Seelame,GameWard,4,18,0.39,89,54,110,3.70,0.68,0.30,0.16,0.11,11,30,3.2,8.50,0.31,707,0.30,294,0.26,0.39,0.18,0.56
Shemek,GamersOrigin,1,15,0.64,28,15,111,9.30,0.53,0.11,0.09,0.07,-219,-89,-12.1,5.70,0.19,351,0.16,188,0.17,0.39,0.06,0.80
Skeanz,Vitality.Bee,2,10,0.10,36,25,99,5.40,0.74,0.20,0.21,0.60,273,84,1,5.60,0.17,365,0.16,215,0.18,0.41,0.29,0.50
SMILEY,GamersOrigin,4,15,0.21,83,39,115,5.10,0.75,0.31,0.23,0.40,148,126,5.7,9.10,0.33,659,0.30,320,0.28,0.54,0.38,0.80
Steeelback,Vitality.Bee,5,15,0.60,28,33,149,5.40,0.71,0.11,0.18,0.47,95,-50,-1.5,0.90,0.02,154,0.07,109,0.09,1.74,0.34,0.47
Targamas,Misfits Premier,5,17,0.63,17,38,147,4.30,0.72,0.08,0.19,0.29,-91,-225,-3.7,1.20,0.04,160,0.09,104,0.09,1.4,0.48,0.59
Toaster,IZI Dream,4,16,0.50,53,43,109,3.80,0.76,0.25,0.21,0.25,154,73,6,8.00,0.28,404,0.24,264,0.25,0.35,0.25,0.50
Tonerre,Solary,3,15,0.53,77,43,50,3.00,0.66,0.40,0.18,0.27,-45,32,0.2,8.70,0.30,541,0.28,277,0.27,0.38,0.17,0.33
toucouille,GamersOrigin,3,15,0.36,80,24,100,7.50,0.68,0.30,0.14,0.27,254,249,7.5,9.00,0.29,661,0.30,297,0.26,0.4,0.14,0.80
TynX,LDLC OL,2,14,0.64,43,56,143,3.30,0.76,0.18,0.22,0.36,59,349,8.4,6.00,0.20,443,0.19,230,0.20,0.33,0.25,0.57
Vetheo,LDLC OL,3,14,0.57,78,33,82,4.80,0.65,0.32,0.13,0.07,-17,125,4.7,8.40,0.29,663,0.27,298,0.25,0.4,0.25,0.57
Viking,IZI Dream,2,16,0.31,45,37,114,4.30,0.74,0.21,0.18,0.50,21,-30,-1.6,5.50,0.18,245,0.14,200,0.19,0.35,0.35,0.50
Von,GameWard,3,18,0.56,67,72,107,2.40,0.59,0.23,0.21,0.17,-51,-91,0.7,7.50,0.24,532,0.23,255,0.23,0.37,0.19,0.56
Wydz,Team MCES,2,1,1.00,3,5,5,1.60,0.62,0.23,0.21,0.00,-564,-645,-24,5.50,0.21,256,0.14,226,0.23,0.63,0.42,0.00
YellOwStaR,LDLC OL,5,14,0.50,10,51,162,3.40,0.70,0.04,0.20,0.14,-211,-108,-2.9,1.10,0.04,170,0.07,112,0.10,1.33,0.35,0.57
Yoppa,Vitality.Bee,1,15,0.60,51,37,87,3.70,0.55,0.20,0.21,0.07,386,425,11.5,7.50,0.24,517,0.25,250,0.22,0.31,0.17,0.47
8917,ahq eSports Club,1,9,0.67,17,18,44,3.40,0.63,0.18,0.21,0.11,55,87,1.8,7.90,0.23,386,0.24,255,0.22,0.34,0.11,0.67
Azhi,Berjaya Dragons,1,18,0.56,39,46,78,2.50,0.61,0.20,0.18,0.11,-118,67,-3.7,7.10,0.23,296,0.20,212,0.21,0.44,0.21,0.33
BoxeR,Resurgence,5,13,0.54,8,42,52,1.40,0.68,0.09,0.19,0.15,-149,-170,-0.2,1.10,0.03,104,0.07,83,0.09,1.41,0.27,0.15
Bruce,Machi Esports,4,18,0.44,74,28,95,6.00,0.71,0.31,0.16,0.11,37,80,3.4,9.40,0.33,600,0.31,312,0.27,0.42,0.37,0.72
Bush,Alpha Esports,1,19,0.26,49,61,82,2.10,0.52,0.20,0.24,0.37,39,-134,-5.3,7.20,0.22,337,0.20,219,0.21,0.33,0.2,0.42
Candy,PSG Talon,3,2,0.50,3,1,10,13.00,0.52,0.12,0.14,0.00,-107,-42,-1.5,8.60,0.24,355,0.19,250,0.21,0.33,0.16,1.00
Chen9,Alpha Esports,3,19,0.63,57,46,115,3.70,0.69,0.23,0.18,0.11,5,45,5.4,8.60,0.26,470,0.28,260,0.24,0.44,0.22,0.42
Chilly,Berjaya Dragons,5,1,1.00,0,5,9,1.80,0.64,0.00,0.28,0.00,66,161,-1,0.80,0.02,114,0.06,79,0.08,1.51,0.26,0.00
Coldenfeet,Nova Esports,4,20,0.65,60,33,82,4.30,0.74,0.31,0.14,0.20,-151,17,-3.5,9.00,0.31,476,0.28,268,0.26,0.45,0.27,0.40
Dawn,Liyab Esports,4,18,0.50,38,36,58,2.70,0.61,0.24,0.12,0.17,48,16,-2.1,8.90,0.33,442,0.27,255,0.27,0.43,0.3,0.22
Do1u1u,Berjaya Dragons,5,17,0.71,11,65,123,2.10,0.76,0.06,0.27,0.47,2,-41,-0.9,0.90,0.02,125,0.09,86,0.09,1.67,0.25,0.35
DoeDoii,Liyab Esports,2,18,0.56,37,66,83,1.80,0.76,0.23,0.22,0.44,-180,-142,-0.8,5.10,0.17,244,0.15,174,0.19,0.54,0.32,0.22
Enso,Berjaya Dragons,2,18,0.11,43,46,98,3.10,0.74,0.23,0.18,0.33,-267,-262,-3.2,5.00,0.15,202,0.13,174,0.17,0.41,0.46,0.33
Epic,Resurgence,2,18,0.56,30,45,64,2.10,0.75,0.24,0.16,0.22,-25,1,1.8,5.70,0.18,208,0.15,188,0.20,0.42,0.25,0.17
G4,Nova Esports,3,20,0.65,31,58,100,2.30,0.68,0.16,0.24,0.15,-178,-72,1.2,8.30,0.24,425,0.26,231,0.23,0.37,0.22,0.40
Gemini,Machi Esports,2,18,0.39,49,31,107,5.00,0.65,0.21,0.18,0.39,8,105,0.8,5.50,0.17,251,0.13,206,0.18,0.59,0.42,0.72
Hana,J Team,2,18,0.33,60,29,217,9.60,0.77,0.17,0.17,0.72,362,153,-0.2,6.00,0.18,333,0.16,232,0.19,0.44,0.52,0.83
Hanabi,PSG Talon,1,19,0.53,37,33,110,4.50,0.56,0.14,0.21,0.05,305,399,16.7,8.10,0.22,419,0.22,254,0.22,0.54,0.22,0.74
Holo,Hong Kong Attitude,2,19,0.74,33,43,106,3.20,0.74,0.18,0.18,0.26,-155,-81,0.1,4.70,0.13,187,0.11,159,0.16,0.41,0.48,0.37
K2,Berjaya Dragons,4,18,0.50,59,45,81,3.10,0.73,0.31,0.18,0.28,-31,84,1.7,10.10,0.39,517,0.35,302,0.31,0.57,0.38,0.33
Kaiwing,PSG Talon,5,19,0.53,11,31,202,6.90,0.81,0.04,0.20,0.05,-48,140,-1.5,0.90,0.02,158,0.08,108,0.09,1.46,0.35,0.74
Kanji,Liyab Esports,1,18,0.78,42,72,47,1.20,0.56,0.27,0.24,0.17,-308,-233,-9.9,6.90,0.24,343,0.22,207,0.22,0.36,0.15,0.22
Kartis,Hong Kong Attitude,1,19,0.37,40,51,73,2.20,0.60,0.21,0.21,0.11,-63,-110,-0.8,7.60,0.25,366,0.22,227,0.23,0.49,0.2,0.37
Koala,Machi Esports,5,18,0.56,11,35,142,4.40,0.64,0.05,0.20,0.28,13,110,0.4,1.10,0.03,156,0.08,109,0.10,1.76,0.37,0.72
Kongyue,ahq eSports Club,2,19,0.89,66,32,136,6.30,0.75,0.25,0.20,0.37,150,119,2.3,6.30,0.20,296,0.16,236,0.20,0.39,0.44,0.79
Kusuo,Resurgence,5,5,0.20,3,17,24,1.60,0.73,0.08,0.25,0.40,405,130,12.2,2.00,0.06,120,0.10,103,0.12,1.08,0.28,0.20
Lilv,J Team,4,18,0.67,110,33,150,7.90,0.72,0.31,0.20,0.33,116,11,-1.1,10.00,0.35,618,0.30,343,0.27,0.48,0.4,0.83
Maoan,Berjaya Dragons,3,18,0.56,39,49,100,2.80,0.73,0.20,0.19,0.28,-13,-68,-2.8,7.30,0.22,341,0.24,219,0.22,0.54,0.19,0.33
Mexi,Resurgence,4,12,0.67,14,31,31,1.50,0.66,0.21,0.17,0.25,-252,-273,-11.2,8.20,0.28,342,0.28,230,0.24,0.38,0.29,0.08
Mission,Machi Esports,3,18,0.56,56,29,89,5.00,0.61,0.23,0.17,0.17,309,159,6.7,8.60,0.27,528,0.27,287,0.25,0.35,0.2,0.72
MnM,Hong Kong Attitude,4,19,0.47,54,29,86,4.80,0.74,0.29,0.12,0.26,-96,65,4.3,9.30,0.35,538,0.32,274,0.28,0.44,0.31,0.37
Mocha,Liyab Esports,5,18,0.33,11,58,94,1.80,0.67,0.07,0.19,0.33,-37,-13,1.4,1.10,0.03,137,0.09,81,0.09,1.52,0.31,0.22
MoonBlack,Hong Kong Attitude,3,19,0.63,51,62,90,2.30,0.75,0.27,0.25,0.05,-217,71,-3.3,8.00,0.26,460,0.27,234,0.24,0.3,0.3,0.37
Nestea,J Team,3,18,0.44,81,29,168,8.60,0.69,0.23,0.17,0.50,-40,-99,-10.1,7.50,0.21,419,0.21,265,0.21,0.47,0.12,0.83
PK,Machi Esports,1,18,0.44,49,49,111,3.30,0.67,0.21,0.29,0.39,-21,-78,-4.6,6.80,0.21,392,0.21,234,0.21,0.38,0.14,0.72
PoP,Nova Esports,5,20,0.55,18,52,125,2.80,0.74,0.09,0.22,0.25,-42,-122,0.1,1.10,0.03,135,0.08,93,0.09,1.57,0.38,0.40
Quake,Resurgence,4,6,0.83,12,16,26,2.40,0.67,0.21,0.15,0.00,-459,-706,-11.3,7.50,0.26,312,0.20,215,0.22,0.4,0.36,0.33
Raven,Resurgence,3,18,0.28,34,60,63,1.60,0.78,0.27,0.21,0.17,-23,-4,1.3,8.30,0.27,345,0.26,241,0.26,0.48,0.21,0.17
Rest,J Team,1,18,0.39,94,31,159,8.20,0.71,0.26,0.18,0.33,338,212,7.3,7.80,0.23,553,0.27,300,0.24,0.28,0.16,0.83
Rex,Liyab Esports,3,18,0.39,30,68,59,1.30,0.56,0.19,0.23,0.22,-37,-22,-1.2,7.50,0.23,442,0.27,222,0.23,0.31,0.15,0.22
River,PSG Talon,2,19,0.74,55,42,137,4.60,0.73,0.21,0.27,0.21,-164,96,2.9,5.50,0.16,268,0.14,206,0.18,0.58,0.44,0.74
Rockky,Nova Esports,1,20,0.45,45,47,74,2.50,0.62,0.23,0.20,0.10,161,152,11.1,8.20,0.25,353,0.21,250,0.24,0.4,0.15,0.40
Ryan,Nova Esports,2,20,0.30,39,50,116,3.10,0.80,0.20,0.21,0.20,91,8,0.6,5.80,0.17,298,0.17,194,0.19,0.48,0.42,0.40
Shinsekai,Resurgence,1,18,0.67,24,77,53,1.00,0.62,0.19,0.27,0.11,-403,-304,-9.6,7.20,0.24,351,0.25,208,0.22,0.41,0.17,0.17
Tak,Hong Kong Attitude,5,12,0.33,9,37,77,2.30,0.78,0.08,0.24,0.33,-127,-166,-3.7,1.00,0.02,134,0.08,85,0.09,1.53,0.31,0.33
Tank,PSG Talon,3,17,0.53,76,26,107,7.00,0.77,0.32,0.17,0.24,225,153,7.2,9.40,0.29,527,0.28,303,0.26,0.34,0.2,0.71
Uniboy,ahq eSports Club,3,19,0.32,70,26,130,7.70,0.75,0.26,0.16,0.32,24,-141,-3.8,7.80,0.22,479,0.25,261,0.22,0.37,0.23,0.79
Unified,PSG Talon,4,19,0.37,81,25,117,7.90,0.75,0.31,0.16,0.00,177,20,8.2,9.50,0.31,574,0.30,310,0.26,0.43,0.38,0.74
Wako,ahq eSports Club,4,19,0.21,75,28,103,6.40,0.66,0.28,0.17,0.11,208,89,5.1,9.70,0.33,574,0.31,324,0.28,0.39,0.49,0.79
WeiLun,Alpha Esports,4,19,0.47,58,45,106,3.60,0.66,0.23,0.18,0.47,15,22,-5.3,9.10,0.33,451,0.26,288,0.27,0.43,0.36,0.42
Wing,Hong Kong Attitude,5,7,0.29,2,22,54,2.50,0.72,0.03,0.24,0.29,-162,-90,0.3,0.90,0.02,134,0.08,80,0.08,1.62,0.22,0.43
Woody,J Team,5,18,0.50,14,47,242,5.40,0.71,0.04,0.28,0.50,125,112,0.4,1.10,0.03,145,0.07,115,0.09,1.5,0.34,0.83
World6,Alpha Esports,2,8,0.38,32,18,60,5.10,0.80,0.28,0.16,0.63,164,5,0.9,5.60,0.16,325,0.17,218,0.19,0.36,0.36,0.50
YourRiver,Alpha Esports,2,11,0.36,38,28,67,3.80,0.78,0.28,0.20,0.73,173,-11,-8.3,5.30,0.17,318,0.19,199,0.19,0.45,0.36,0.36
Ysera,ahq eSports Club,5,19,0.53,10,42,162,4.10,0.64,0.04,0.26,0.16,73,61,-0.8,1.00,0.02,124,0.07,104,0.09,1.49,0.31,0.79
Yursan,Alpha Esports,5,19,0.53,16,52,156,3.30,0.69,0.06,0.21,0.47,54,-23,0.2,1.00,0.03,137,0.08,94,0.09,1.79,0.27,0.42
Ziv,ahq eSports Club,1,10,0.50,30,18,72,5.70,0.60,0.18,0.23,0.10,15,-74,-7,7.40,0.24,434,0.21,252,0.21,0.36,0.25,0.90
24,Team AURORA,4,4,0.75,4,15,4,0.50,0.73,0.36,0.23,0.00,-854,-280,-7,7.50,0.26,279,0.27,184,0.24,0.34,0.11,0.00
24,Royal Youth,4,6,0.33,10,16,18,1.80,0.64,0.23,0.19,0.17,-509,-149,-6.2,8.20,0.30,363,0.25,225,0.26,0.36,0.16,0.17
Absolute,Dark Passage,5,18,0.56,10,49,124,2.70,0.65,0.05,0.24,0.28,47,64,-0.6,1.00,0.03,130,0.08,96,0.09,1.1,0.18,0.50
Anduril,Royal Youth,2,4,1.00,11,17,6,1.00,0.53,0.34,0.19,0.00,78,376,4.3,5.80,0.20,302,0.19,201,0.22,0.28,0.22,0.00
Appen,Galatasaray Esports,2,12,0.58,29,23,62,4.00,0.68,0.22,0.18,0.33,-62,23,2,5.80,0.18,295,0.16,212,0.19,0.3,0.31,0.50
Armut,SuperMassive Esports,1,14,0.43,41,27,64,3.90,0.48,0.19,0.20,0.07,-21,101,6.4,7.80,0.25,352,0.19,259,0.22,0.51,0.14,0.71
Asteroid,Team AURORA,1,8,0.63,15,28,18,1.20,0.49,0.22,0.20,0.00,-526,-424,-17.6,6.80,0.23,232,0.17,197,0.21,0.34,0.1,0.13
Awaremei,Royal Youth,4,1,0.00,1,3,6,2.30,0.70,0.10,0.17,0.00,-188,-128,-12,7.90,0.27,469,0.28,209,0.23,0.41,0.17,0.00
Bendix,Team AURORA,3,14,0.50,32,42,50,2.00,0.66,0.26,0.17,0.14,-71,42,4.5,8.90,0.29,480,0.30,247,0.26,0.43,0.15,0.14
Beplush,Royal Youth,5,4,0.25,1,17,21,1.30,0.67,0.03,0.26,0.00,-418,-452,-1.3,1.10,0.03,144,0.10,82,0.09,1.31,0.22,0.25
Beplush,Team AURORA,5,8,0.25,6,30,34,1.30,0.59,0.09,0.22,0.13,-315,-249,-6.4,1.10,0.04,133,0.10,79,0.08,1.51,0.29,0.13
Black,Team AURORA,4,2,1.00,5,8,3,1.00,0.62,0.39,0.21,0.50,-612,-392,-8,9.00,0.39,572,0.36,268,0.30,0.24,0.29,0.00
Blue,1907 Fenerbahe Esports,3,17,0.59,58,35,83,4.00,0.71,0.29,0.17,0.35,326,251,9.4,9.60,0.31,535,0.28,293,0.27,0.46,0.26,0.47
Bolulu,SuperMassive Esports,3,14,0.50,71,19,97,8.80,0.76,0.32,0.14,0.14,166,67,0.5,8.20,0.24,563,0.28,281,0.23,0.45,0.12,0.71
Brolia,5 Ronin,5,18,0.56,13,39,127,3.60,0.66,0.06,0.19,0.33,105,27,5.4,1.40,0.04,144,0.08,107,0.10,1.65,0.46,0.56
Chosen,1907 Fenerbahe Esports,2,2,0.50,1,6,1,0.30,0.50,0.25,0.21,0.50,17,-415,-11,4.50,0.13,100,0.09,134,0.16,0.46,0.24,0.00
Chosen,Team AURORA,2,4,0.50,5,15,8,0.90,0.45,0.17,0.22,0.25,-231,-130,-1.5,4.50,0.13,180,0.13,136,0.16,0.59,0.38,0.00
Coldraa,SuperMassive Esports,4,4,0.50,14,9,19,3.70,0.83,0.35,0.18,0.25,554,547,9.3,7.70,0.29,580,0.35,275,0.28,0.45,0.26,0.25
CrawL,Team AURORA,2,2,0.50,1,14,7,0.60,0.38,0.05,0.32,1.00,-204,-503,-8.5,4.10,0.09,151,0.08,123,0.13,0.25,0.23,0.00
Crowno,Beikta Esports,1,10,0.50,22,30,37,2.00,0.58,0.22,0.30,0.20,-13,27,1.6,7.60,0.24,405,0.27,240,0.23,0.54,0.17,0.60
Dailen,Team AURORA,5,2,0.50,3,4,14,4.30,0.81,0.14,0.09,0.50,-104,-162,-6.5,0.80,0.02,194,0.10,90,0.09,1.41,0.18,0.00
Dellal,Royal Youth,5,3,0.33,4,19,13,0.90,0.65,0.15,0.27,0.00,-387,-393,-0.3,1.20,0.06,212,0.14,89,0.10,0.83,0.36,0.00
Direnc,Team AURORA,1,2,0.50,6,8,4,1.30,0.48,0.29,0.18,0.00,-688,-625,-15,7.40,0.27,464,0.23,229,0.23,0.3,0.07,0.00
Efias,Beikta Esports,5,19,0.37,12,26,124,5.20,0.72,0.06,0.12,0.11,12,-105,5.2,1.50,0.04,128,0.08,103,0.10,1.31,0.27,0.47
Ellam,1907 Fenerbahe Esports,4,8,0.38,24,21,32,2.70,0.60,0.26,0.18,0.13,-113,97,0.5,8.60,0.27,449,0.25,267,0.25,0.36,0.19,0.38
Elramir,Beikta Esports,2,19,0.32,23,41,123,3.60,0.77,0.12,0.20,0.37,-134,-237,-3.1,5.40,0.16,204,0.13,183,0.17,0.51,0.48,0.47
fabFabulous,Beikta Esports,1,9,0.33,22,27,28,1.90,0.57,0.25,0.25,0.00,139,182,6.6,7.40,0.23,444,0.28,236,0.23,0.42,0.09,0.33
Fastlegged,SuperMassive Esports,5,4,1.00,3,11,26,2.60,0.73,0.08,0.22,0.25,345,250,9,1.80,0.05,189,0.12,111,0.12,0.93,0.18,0.25
Ferret,stanbul Wildcats,2,18,0.28,40,29,204,8.40,0.75,0.12,0.20,0.56,-9,-99,-3.5,5.00,0.15,268,0.13,193,0.16,0.44,0.52,0.89
helo,Royal Youth,4,1,1.00,0,5,2,0.40,0.33,0.00,0.26,0.00,-969,-334,-33,5.00,0.16,319,0.16,123,0.14,0.13,0.04,0.00
HolyPhoenix,1907 Fenerbahe Esports,4,10,0.10,40,21,41,3.90,0.69,0.34,0.19,0.20,174,-56,5.6,8.80,0.29,657,0.32,282,0.26,0.39,0.28,0.50
Husky Rider,5 Ronin,4,18,0.67,49,35,79,3.70,0.60,0.23,0.17,0.28,-124,-27,-5.4,8.00,0.26,411,0.23,250,0.23,0.46,0.22,0.56
Japone,1907 Fenerbahe Esports,5,18,0.50,12,51,131,2.80,0.68,0.06,0.23,0.22,-41,51,-4.2,0.90,0.02,199,0.10,98,0.09,1.72,0.31,0.44
Jeyrus,Dark Passage,4,1,1.00,8,4,13,5.30,0.75,0.29,0.20,0.00,581,337,31,9.00,0.30,920,0.33,329,0.26,0.34,0.32,1.00
Juuzou,Dark Passage,1,18,0.50,27,41,90,2.90,0.57,0.13,0.20,0.11,-200,10,-3.9,7.40,0.24,337,0.21,218,0.21,0.47,0.11,0.50
KaKAO,SuperMassive Esports,2,14,0.50,31,29,102,4.60,0.61,0.14,0.22,0.21,354,515,9.1,5.90,0.16,245,0.14,218,0.18,0.49,0.39,0.71
Kaori,stanbul Wildcats,4,18,0.72,112,25,135,9.90,0.76,0.34,0.18,0.33,485,389,15.6,9.50,0.33,775,0.37,342,0.29,0.39,0.26,0.89
Kireas,Dark Passage,2,18,0.67,52,48,93,3.00,0.70,0.25,0.24,0.33,134,130,3.4,5.00,0.14,202,0.13,190,0.19,0.38,0.4,0.50
Kituruken,SuperMassive Esports,2,4,0.50,6,10,22,2.80,0.70,0.15,0.20,0.00,-306,-498,-2.8,4.90,0.18,206,0.12,157,0.16,0.4,0.33,0.25
Kituruken,Team AURORA,2,4,0.50,16,15,24,2.70,0.69,0.28,0.22,0.75,363,25,0.3,5.00,0.17,287,0.16,203,0.19,0.45,0.26,0.50
Kofte,Galatasaray Esports,3,18,0.33,39,34,95,3.90,0.70,0.20,0.16,0.17,-122,9,-0.1,8.40,0.26,391,0.23,246,0.23,0.47,0.21,0.44
Ksaez,Dark Passage,3,18,0.44,69,23,81,6.50,0.73,0.34,0.11,0.22,24,-34,-1.8,9.10,0.31,489,0.30,282,0.27,0.46,0.23,0.50
Luana,Galakticos,1,18,0.39,53,29,76,4.40,0.53,0.22,0.21,0.28,210,87,1.4,8.00,0.25,389,0.20,260,0.22,0.46,0.14,0.78
Luger,Galakticos,4,18,0.39,76,25,86,6.50,0.67,0.31,0.18,0.33,272,101,6.1,9.10,0.29,571,0.29,311,0.26,0.31,0.22,0.78
madlifeonur,Royal Youth,5,10,0.10,2,33,39,1.20,0.53,0.03,0.20,0.20,-189,-62,-2.2,1.00,0.03,128,0.10,70,0.08,1.39,0.27,0.10
Madly,Team AURORA,1,8,0.63,13,35,23,1.00,0.41,0.15,0.26,0.25,-59,14,-2.4,7.00,0.22,347,0.22,205,0.21,0.4,0.13,0.25
Matilda,Royal Youth,1,18,0.61,38,56,50,1.60,0.62,0.27,0.18,0.11,-116,-152,-4.9,7.50,0.27,346,0.24,225,0.25,0.38,0.07,0.11
Maximillion,Dark Passage,3,1,1.00,10,3,8,6.00,0.64,0.36,0.15,0.00,-547,-286,-11,7.00,0.24,978,0.35,293,0.23,0.5,0.08,1.00
Meshade,Royal Youth,4,10,0.30,20,37,33,1.40,0.65,0.24,0.19,0.10,-536,-351,-9.6,7.90,0.29,418,0.29,227,0.25,0.29,0.26,0.10
Meshade,Royal Youth,5,1,0.00,0,4,2,0.50,0.33,0.00,0.21,0.00,-66,-568,-6,1.20,0.07,640,0.32,87,0.10,0.69,0.35,0.00
Midkid,1907 Fenerbahe Esports,3,1,0.00,2,3,7,3.00,0.75,0.17,0.21,0.00,179,-6,6,7.80,0.24,317,0.15,216,0.21,0.37,0.09,0.00
Mojito,1907 Fenerbahe Esports,2,16,0.44,42,53,93,2.50,0.65,0.20,0.27,0.56,31,-61,-3.7,5.00,0.15,254,0.13,184,0.17,0.55,0.33,0.50
Nikola,Galakticos,5,18,0.50,12,25,153,6.60,0.68,0.05,0.18,0.33,146,-101,-0.9,0.90,0.02,181,0.09,118,0.10,1.25,0.27,0.78
Nyxyvel,stanbul Wildcats,1,1,0.00,1,3,16,5.70,0.55,0.03,0.25,1.00,-1013,-696,-18,6.00,0.19,206,0.09,206,0.14,0.36,0.04,1.00
Oguzkhan,Dark Passage,2,1,0.00,3,6,16,3.20,0.68,0.11,0.30,0.00,-408,-338,-5,4.60,0.14,299,0.11,208,0.16,0.32,0.47,1.00
Oncan,5 Ronin,1,18,0.39,54,51,69,2.40,0.58,0.26,0.24,0.33,96,-75,5.9,7.30,0.23,385,0.23,244,0.23,0.32,0.14,0.56
Padden,Galatasaray Esports,4,18,0.72,67,38,62,3.40,0.68,0.35,0.18,0.28,-197,-74,-4.3,8.50,0.29,541,0.31,275,0.26,0.28,0.27,0.44
Pbd,stanbul Wildcats,5,18,0.50,11,32,221,7.30,0.71,0.03,0.22,0.44,-79,94,-4.2,0.80,0.02,156,0.07,107,0.09,1.29,0.22,0.89
pr1me,Dark Passage,1,1,0.00,5,2,11,8.00,0.57,0.18,0.10,0.00,137,606,11,8.80,0.29,445,0.16,306,0.24,0.32,0.13,1.00
Ragner,Galatasaray Esports,1,18,0.61,42,47,86,2.70,0.67,0.22,0.22,0.28,341,49,5,7.80,0.26,431,0.25,245,0.24,0.43,0.19,0.44
Rate,Beikta Esports,4,18,0.61,47,40,71,3.00,0.69,0.28,0.20,0.06,-213,-169,-11.1,8.40,0.28,394,0.24,257,0.24,0.45,0.18,0.44
Rhemio,SuperMassive Esports,3,4,0.50,13,5,16,5.80,0.73,0.33,0.10,0.00,-76,81,-1.3,8.70,0.30,441,0.25,264,0.28,0.57,0.21,0.25
Rhioni,Dark Passage,4,2,0.00,0,7,2,0.30,0.50,0.00,0.23,0.00,-74,68,-1.5,7.90,0.28,219,0.24,202,0.24,0.32,0.2,0.00
Rhioni,Team AURORA,4,12,0.50,41,37,56,2.60,0.64,0.27,0.17,0.33,151,11,4.8,9.10,0.35,505,0.28,283,0.28,0.31,0.31,0.25
Robin,5 Ronin,2,18,0.44,41,49,99,2.90,0.66,0.19,0.23,0.61,179,139,2.1,6.00,0.19,301,0.17,209,0.19,0.25,0.45,0.56
Roulette,Galatasaray Esports,2,6,0.33,8,18,27,1.90,0.60,0.14,0.20,0.33,-324,-581,-8.5,4.70,0.12,173,0.11,153,0.15,0.38,0.29,0.33
Rum0r,Royal Youth,3,14,0.43,24,55,37,1.10,0.56,0.22,0.24,0.07,-275,-27,-0.8,7.80,0.23,313,0.22,207,0.23,0.4,0.1,0.14
Sacre,1907 Fenerbahe Esports,1,18,0.56,32,36,90,3.40,0.58,0.15,0.16,0.22,206,205,7.3,8.00,0.24,386,0.21,241,0.22,0.46,0.11,0.44
Saw,Royal Youth,3,4,0.25,3,16,9,0.80,0.38,0.09,0.18,0.00,-600,6,-7.5,7.70,0.25,309,0.19,204,0.23,0.3,0.1,0.00
Serin,stanbul Wildcats,3,18,0.56,120,27,102,8.20,0.68,0.37,0.19,0.22,16,-84,-1.6,8.60,0.27,538,0.26,302,0.25,0.33,0.21,0.89
Shawi Katami,Dark Passage,5,1,1.00,2,5,17,3.80,0.68,0.07,0.25,0.00,74,548,-1,0.90,0.03,151,0.05,132,0.10,1.16,0.29,1.00
Skewer,SuperMassive Esports,1,4,0.25,4,16,22,1.60,0.65,0.10,0.31,0.25,-741,-490,-24.3,5.90,0.19,270,0.16,167,0.17,0.37,0.08,0.25
SnowFlower,SuperMassive Esports,5,14,0.71,21,30,129,5.00,0.68,0.10,0.23,0.21,215,192,-0.4,1.20,0.04,202,0.11,129,0.11,1.42,0.42,0.71
Sparz,Team AURORA,5,8,0.50,7,28,46,1.90,0.61,0.08,0.20,0.38,131,63,0,1.00,0.03,175,0.11,97,0.10,1.4,0.34,0.25
Stalker,Team AURORA,2,1,0.00,0,1,2,2.00,1.00,0.00,0.06,0.00,-423,-652,-17,4.40,0.16,74,0.09,128,0.19,0.35,0.4,0.00
StarScreen,stanbul Wildcats,1,17,0.59,42,27,129,6.30,0.58,0.14,0.21,0.35,-71,38,-5.3,7.60,0.24,386,0.18,246,0.21,0.43,0.21,0.88
Stefan,Galakticos,2,18,0.67,47,26,109,6.00,0.65,0.19,0.19,0.28,205,458,10.1,6.20,0.18,297,0.15,222,0.19,0.35,0.41,0.78
stillnumb,Beikta Esports,3,19,0.68,62,45,68,2.90,0.68,0.33,0.21,0.21,56,23,1.1,9.10,0.29,433,0.27,279,0.27,0.35,0.14,0.47
Tolerant,Galatasaray Esports,5,10,0.70,1,29,51,1.80,0.60,0.01,0.21,0.20,-130,122,2.4,1.10,0.03,96,0.07,82,0.08,1.61,0.38,0.30
Typhoon,Royal Youth,2,14,0.64,28,39,46,1.90,0.67,0.26,0.17,0.07,-412,-350,-7.1,5.20,0.16,236,0.15,171,0.18,0.4,0.28,0.14
Umut,5 Ronin,3,18,0.50,55,36,100,4.30,0.73,0.26,0.17,0.28,60,-154,1.6,8.80,0.28,483,0.28,279,0.26,0.45,0.16,0.56
unmanagable,Team AURORA,3,2,0.50,1,7,7,1.10,0.50,0.06,0.23,1.00,-361,-433,-18,7.40,0.22,316,0.21,185,0.20,0.41,0.08,0.00
Urban,Team AURORA,2,7,0.57,9,28,34,1.50,0.65,0.14,0.23,0.14,-338,-214,-7.5,5.10,0.12,193,0.14,164,0.17,0.34,0.41,0.14
Virtue,Beikta Esports,4,1,1.00,2,1,9,11.00,0.55,0.10,0.13,0.00,-1154,-927,-83,1.00,0.05,227,0.12,144,0.11,0.9,0.46,1.00
WaenA,Team AURORA,3,2,0.00,12,5,12,4.80,0.69,0.34,0.14,0.50,106,275,-1,7.60,0.25,493,0.26,276,0.26,0.58,0.19,0.50
Wasteee,Dark Passage,4,16,0.31,48,35,86,3.80,0.66,0.24,0.20,0.25,-80,-120,-2.9,8.20,0.28,478,0.28,261,0.24,0.38,0.31,0.56
xKenzuke,Galakticos,3,18,0.56,54,33,109,4.90,0.67,0.22,0.24,0.28,-9,-50,-6.8,8.80,0.27,525,0.27,283,0.24,0.44,0.24,0.78
Zeitnot,SuperMassive Esports,4,14,0.36,56,28,79,4.80,0.61,0.26,0.21,0.21,497,197,11.4,9.20,0.32,521,0.28,317,0.26,0.34,0.29,0.71
Zergsting,Galatasaray Esports,5,8,0.63,5,28,67,2.60,0.69,0.05,0.37,0.50,-63,-7,2,1.20,0.04,138,0.07,112,0.10,1.28,0.28,0.63
Acidy,Mkers,1,14,0.43,31,35,98,3.70,0.52,0.13,0.28,0.29,112,157,8.7,7.20,0.21,465,0.21,247,0.19,0.52,0.18,0.86
aki,Outplayed,3,14,0.57,47,36,91,3.80,0.65,0.22,0.24,0.07,48,36,1.6,8.40,0.29,546,0.29,273,0.25,0.37,0.14,0.64
Blackino,Cyberground Gaming,1,14,0.57,27,55,49,1.40,0.48,0.17,0.23,0.36,-232,-37,-12,6.40,0.22,424,0.25,195,0.20,0.4,0.1,0.36
Brizz,Campus Party Sparks,5,14,0.43,12,38,113,3.30,0.77,0.07,0.24,0.36,27,-182,3.2,1.20,0.04,145,0.09,101,0.09,1.37,0.29,0.50
Ceasarna,Cyberground Gaming,2,12,0.58,25,43,61,2.00,0.63,0.18,0.21,0.33,181,170,7.7,5.50,0.17,308,0.18,186,0.19,0.37,0.28,0.33
Click,Samsung Morning Stars,5,14,0.29,11,24,148,6.60,0.75,0.05,0.17,0.36,196,157,-2.5,1.00,0.03,190,0.09,120,0.10,1.12,0.27,0.71
Cohle,Campus Party Sparks,3,14,0.64,49,20,81,6.50,0.80,0.30,0.13,0.14,-6,18,0.4,8.80,0.29,494,0.29,270,0.26,0.46,0.1,0.50
Crocomux,DayDreamers,3,15,0.71,42,46,58,2.20,0.74,0.31,0.17,0.20,-228,-74,-8.1,7.70,0.29,634,0.37,230,0.26,0.37,0.1,0.13
darkchri,Racoon,5,14,0.43,6,26,107,4.30,0.56,0.03,0.18,0.21,59,-28,4.1,1.30,0.03,116,0.06,104,0.09,1.18,0.28,0.64
de sider,DayDreamers,2,3,0.00,8,17,17,1.50,0.57,0.18,0.19,0.00,-557,-647,-14.7,4.40,0.13,282,0.12,180,0.18,0.29,0.15,0.00
Deidara,Racoon,1,14,0.21,41,39,63,2.70,0.51,0.20,0.27,0.14,328,-75,7.1,7.30,0.23,388,0.21,245,0.22,0.51,0.17,0.64
depressedirl,Cyberground Gaming,3,2,0.00,2,8,7,1.10,0.43,0.10,0.24,0.00,-479,-267,-16.5,6.80,0.23,319,0.16,184,0.19,0.3,0.06,0.50
Eckas,Samsung Morning Stars,2,14,0.64,48,23,99,6.40,0.69,0.23,0.16,0.43,348,320,7.6,5.80,0.18,310,0.14,228,0.19,0.44,0.33,0.71
Edward,Mkers,5,14,0.86,15,25,139,6.20,0.62,0.06,0.20,0.21,206,117,5,1.50,0.04,168,0.08,134,0.11,1.35,0.51,0.86
Endz,Mkers,4,14,0.43,66,22,81,6.70,0.60,0.27,0.18,0.14,424,272,10.6,9.00,0.29,544,0.26,326,0.25,0.22,0.23,0.86
Eneino,YDN Esports,4,15,0.57,52,35,51,2.90,0.71,0.36,0.14,0.27,-395,-368,-7.9,8.50,0.34,399,0.25,264,0.29,0.35,0.18,0.20
Fresskowy,Racoon,3,14,0.57,68,25,65,5.30,0.66,0.34,0.17,0.43,329,205,9.2,8.40,0.25,598,0.30,284,0.26,0.41,0.15,0.64
Fx,Cyberground Gaming,5,14,0.64,9,45,86,2.10,0.61,0.06,0.19,0.36,-130,-116,0.6,0.90,0.02,119,0.07,84,0.09,1.2,0.2,0.36
Gine,Campus Party Sparks,2,14,0.50,29,33,102,4.00,0.80,0.18,0.21,0.43,-99,-32,-2.8,5.10,0.15,237,0.14,187,0.18,0.31,0.27,0.50
Gu,YDN Esports,2,10,0.20,10,37,42,1.40,0.61,0.12,0.24,0.20,-417,-727,-17.4,4.80,0.17,179,0.12,152,0.17,0.44,0.28,0.20
Guubi,Samsung Morning Stars,4,14,0.50,49,34,96,4.30,0.68,0.23,0.24,0.36,248,241,3.8,8.40,0.28,578,0.26,287,0.24,0.33,0.16,0.71
Horizon,YDN Esports,5,15,0.71,9,53,81,1.70,0.62,0.06,0.22,0.27,7,123,-1.9,1.00,0.03,154,0.10,86,0.09,1.11,0.27,0.20
Jenxas,Cyberground Gaming,2,2,1.00,3,5,12,3.00,0.71,0.14,0.15,0.50,270,447,11.5,6.80,0.24,464,0.23,217,0.23,0.16,0.19,0.50
Kazuki,Cyberground Gaming,3,4,0.50,7,21,17,1.10,0.60,0.18,0.28,0.00,-415,-421,-9,6.20,0.20,361,0.23,185,0.20,0.41,0.11,0.25
knighter,Samsung Morning Stars,3,14,0.36,53,27,90,5.30,0.68,0.25,0.19,0.07,184,146,2.2,8.50,0.28,585,0.28,287,0.24,0.41,0.2,0.71
Lotus,Outplayed,2,14,0.57,49,28,97,5.20,0.69,0.23,0.18,0.29,-23,-153,-0.9,4.90,0.16,306,0.16,201,0.18,0.63,0.38,0.64
Mistil,Cyberground Gaming,4,14,0.36,54,38,44,2.60,0.62,0.34,0.16,0.21,-191,-117,-3.5,8.70,0.32,396,0.22,264,0.27,0.37,0.32,0.36
Nomi,DayDreamers,4,15,0.64,40,46,52,2.00,0.68,0.30,0.17,0.27,-133,-112,-0.7,8.40,0.31,488,0.27,246,0.27,0.38,0.17,0.13
Occlumats,Campus Party Sparks,1,14,0.57,30,43,63,2.20,0.57,0.18,0.27,0.21,-68,-56,-5.4,7.20,0.25,353,0.22,230,0.22,0.4,0.18,0.50
OMON,Cyberground Gaming,3,8,0.63,30,27,35,2.40,0.68,0.31,0.20,0.13,-231,-235,-9.1,8.40,0.30,548,0.32,263,0.26,0.3,0.17,0.38
PatkicaA,Outplayed,1,14,0.43,48,33,88,4.10,0.64,0.23,0.22,0.21,-80,-77,-2.8,6.50,0.23,403,0.22,226,0.21,0.4,0.12,0.64
PesE,YDN Esports,1,15,0.43,21,40,51,1.80,0.50,0.15,0.16,0.27,-214,-389,-6.6,6.50,0.21,283,0.19,187,0.20,0.36,0.12,0.20
Ploxy,Racoon,2,14,0.50,40,27,71,4.10,0.55,0.20,0.18,0.21,-21,70,-1,5.90,0.19,308,0.17,214,0.19,0.39,0.33,0.64
PonZ,DayDreamers,1,12,0.42,11,45,35,1.00,0.51,0.12,0.25,0.17,-178,109,-2.4,6.00,0.20,247,0.16,166,0.19,0.36,0.15,0.17
Rawbin IV,Mkers,2,14,0.57,42,28,127,6.00,0.68,0.17,0.22,0.29,249,293,4.6,5.60,0.16,384,0.18,233,0.18,0.54,0.2,0.86
Rharesh,Racoon,4,14,0.43,48,30,66,3.80,0.56,0.24,0.20,0.14,-82,140,-3.4,8.40,0.29,483,0.25,275,0.24,0.47,0.34,0.64
Ryujin,YDN Esports,2,5,0.75,18,16,25,2.70,0.72,0.30,0.17,0.40,-35,-159,0,5.00,0.14,304,0.19,194,0.20,0.58,0.3,0.20
S1d,Outplayed,5,14,0.50,10,28,141,5.40,0.71,0.05,0.18,0.07,40,153,-4,1.00,0.03,159,0.08,112,0.10,1.37,0.23,0.64
Shredder,DayDreamers,5,15,0.14,11,51,76,1.70,0.64,0.08,0.19,0.27,-378,-219,-4.1,0.80,0.03,126,0.07,80,0.09,0.98,0.27,0.13
Skar,DayDreamers,1,3,1.00,8,16,11,1.20,0.43,0.18,0.18,0.00,98,372,9.7,8.10,0.31,464,0.22,270,0.27,0.25,0.08,0.00
StenBosse,Samsung Morning Stars,1,14,0.86,51,35,80,3.70,0.62,0.24,0.25,0.21,302,333,11.5,7.20,0.22,498,0.23,267,0.22,0.41,0.18,0.71
Taba,Outplayed,4,14,0.43,58,27,74,4.90,0.62,0.27,0.18,0.14,310,67,7.1,8.00,0.29,471,0.25,276,0.25,0.52,0.29,0.64
Taxer,DayDreamers,2,10,0.30,13,39,41,1.40,0.71,0.17,0.26,0.20,-309,-94,-2.2,5.40,0.17,184,0.12,173,0.19,0.28,0.33,0.20
Unbannedx,Campus Party Sparks,4,14,0.64,43,25,61,4.20,0.64,0.26,0.16,0.21,-144,-89,-5.3,8.40,0.28,495,0.28,258,0.25,0.36,0.17,0.50
Vaniiali,YDN Esports,3,15,0.43,35,64,43,1.20,0.54,0.24,0.26,0.13,-366,-243,-4.9,7.60,0.26,484,0.32,214,0.24,0.36,0.16,0.20
Zwyroo,Mkers,3,14,0.21,93,16,70,10.20,0.66,0.38,0.13,0.21,401,227,10.7,9.50,0.30,602,0.27,345,0.27,0.4,0.15,0.86
AndyBendy,Team Cloud Drake,4,17,0.53,72,50,107,3.60,0.61,0.25,0.15,0.47,280,198,8.3,8.30,0.28,502,0.23,277,0.24,0.42,0.19,0.41
APA,Team Mountain Drake,3,20,0.61,54,75,93,2.00,0.60,0.22,0.20,0.10,-49,137,1.1,8.30,0.25,514,0.28,248,0.24,0.48,0.1,0.35
Copy,Team Infernal Drake,3,18,0.50,78,45,166,5.40,0.64,0.21,0.21,0.33,73,-16,1.1,7.90,0.24,525,0.24,275,0.23,0.43,0.17,0.72
CptShrimps,Team Cloud Drake,3,17,0.35,74,59,120,3.30,0.66,0.25,0.17,0.35,54,-60,-2.9,7.20,0.22,587,0.26,253,0.22,0.37,0.21,0.41
Gible,Team Mountain Drake,1,20,0.56,37,100,78,1.20,0.47,0.15,0.27,0.10,-368,-332,-3.9,7.10,0.22,395,0.21,216,0.21,0.32,0.07,0.35
Hooks,Team Cloud Drake,5,17,0.41,23,77,148,2.20,0.58,0.08,0.23,0.53,89,-88,-1.6,1.10,0.03,161,0.07,112,0.10,1.13,0.38,0.41
Iconic,Team Mountain Drake,2,20,0.56,63,69,88,2.20,0.62,0.26,0.18,0.20,-131,-129,-1.1,6.80,0.23,365,0.19,224,0.21,0.32,0.44,0.35
Joey,Team Ocean Drake,5,19,0.53,25,77,166,2.50,0.60,0.08,0.24,0.16,-76,98,1.6,1.20,0.03,190,0.10,106,0.09,1.66,0.43,0.53
Niles,Team Cloud Drake,1,17,0.47,64,70,81,2.10,0.49,0.22,0.21,0.29,269,90,7.8,7.80,0.25,575,0.26,272,0.23,0.44,0.12,0.41
Nxi,Team Ocean Drake,2,19,0.65,113,40,102,5.40,0.67,0.35,0.13,0.21,-29,-219,-6.3,7.50,0.26,385,0.20,282,0.24,0.27,0.32,0.53
Plux,Team Mountain Drake,5,20,0.67,22,82,136,1.90,0.65,0.09,0.22,0.25,-227,-101,-1.5,1.10,0.03,163,0.09,97,0.09,1.48,0.33,0.35
Rodov,Team Ocean Drake,1,19,0.47,47,76,118,2.20,0.51,0.15,0.24,0.16,-132,-35,-4.4,6.80,0.22,392,0.20,231,0.20,0.33,0.08,0.53
RoseThorn,Team Cloud Drake,2,17,0.47,61,84,128,2.30,0.64,0.21,0.25,0.53,-32,14,1.9,6.60,0.22,405,0.18,240,0.21,0.41,0.33,0.41
Shady,Team Infernal Drake,5,18,0.39,37,43,202,5.60,0.63,0.10,0.20,0.44,249,91,1.5,1.20,0.04,192,0.09,129,0.10,1.31,0.4,0.72
Shoryu,Team Infernal Drake,4,18,0.56,97,36,134,6.40,0.61,0.26,0.17,0.39,84,-118,-2.8,8.00,0.29,535,0.25,286,0.23,0.47,0.17,0.72
Spawn,Team Mountain Drake,4,20,0.44,69,48,89,3.30,0.65,0.28,0.13,0.25,-186,-22,-1.4,8.10,0.26,450,0.24,256,0.24,0.37,0.19,0.35
Tomio,Team Infernal Drake,2,18,0.33,95,47,151,5.20,0.65,0.25,0.22,0.28,207,361,6,6.80,0.22,469,0.21,264,0.22,0.28,0.27,0.72
Tony Top,Team Infernal Drake,1,18,0.50,74,40,110,4.60,0.48,0.19,0.19,0.17,294,321,1.6,7.00,0.21,432,0.21,270,0.22,0.41,0.16,0.72
Yeon,Team Ocean Drake,4,19,0.47,74,61,131,3.40,0.64,0.23,0.19,0.05,-134,-42,-3.3,7.90,0.25,500,0.25,272,0.23,0.38,0.19,0.53
Yunbee,Team Ocean Drake,3,19,0.53,62,64,124,2.90,0.58,0.19,0.20,0.11,-67,-75,0.4,8.30,0.25,474,0.25,274,0.23,0.44,0.21,0.53
Ablazeolive,Golden Guardians Academy,3,18,0.33,61,48,126,3.90,0.76,0.25,0.22,0.50,59,8,-1.1,8.20,0.25,514,0.25,262,0.24,0.42,0.17,0.56
Akaadian,Dignitas Academy,2,12,0.58,32,25,79,4.40,0.77,0.22,0.18,0.42,52,99,2.9,6.40,0.20,290,0.17,218,0.20,0.39,0.35,0.50
Allorim,Immortals Academy,1,6,0.50,15,12,24,3.30,0.68,0.26,0.19,0.17,-667,-278,-12.2,7.40,0.22,302,0.18,225,0.21,0.39,0.17,0.50
Altec,Immortals Academy,4,12,0.42,39,32,51,2.80,0.65,0.28,0.17,0.25,-277,58,-5.3,9.10,0.32,490,0.27,282,0.27,0.41,0.3,0.42
AnDa,Evil Geniuses Academy,2,18,0.50,59,39,132,4.90,0.81,0.25,0.16,0.44,214,340,9.1,6.10,0.18,346,0.16,221,0.20,0.49,0.52,0.50
Apollo,Immortals Academy,4,6,0.17,14,14,30,3.10,0.77,0.25,0.22,0.17,140,471,14.3,9.20,0.29,504,0.28,283,0.26,0.48,0.38,0.50
Armao,Team Liquid Academy,2,18,0.56,32,70,75,1.50,0.62,0.19,0.24,0.33,98,179,5.1,5.70,0.16,302,0.17,179,0.18,0.38,0.26,0.17
Big,FlyQuest Academy,5,18,0.50,10,61,99,1.80,0.66,0.06,0.26,0.28,-51,77,0.6,1.00,0.03,132,0.08,85,0.08,1.54,0.29,0.39
Biofrost,TSM Academy,5,8,0.63,11,17,77,5.20,0.84,0.11,0.17,0.25,-85,126,1.1,1.30,0.04,164,0.09,113,0.10,1.75,0.46,0.50
Breezyyy,100 Thieves Academy,5,12,0.58,10,22,108,5.40,0.71,0.06,0.15,0.25,-130,26,-1.9,1.10,0.03,154,0.08,108,0.10,1.27,0.32,0.58
Chime,Golden Guardians Academy,5,18,0.50,14,51,150,3.20,0.66,0.06,0.23,0.17,-15,-170,-0.8,1.10,0.03,163,0.08,96,0.09,1.33,0.36,0.56
Contractz,100 Thieves Academy,2,6,0.33,26,11,40,6.00,0.76,0.30,0.16,0.33,195,304,2.8,6.20,0.22,341,0.17,235,0.21,0.44,0.54,0.67
Dardoch,Dignitas Academy,2,6,0.83,16,16,33,3.10,0.75,0.25,0.24,0.33,72,226,1,5.50,0.16,243,0.15,201,0.19,0.52,0.34,0.33
Darshan,Golden Guardians Academy,1,18,0.61,72,39,95,4.30,0.68,0.29,0.18,0.44,231,221,8,7.70,0.26,526,0.26,271,0.25,0.47,0.13,0.56
Deftly,Evil Geniuses Academy,4,18,0.67,67,33,102,5.10,0.72,0.29,0.14,0.11,19,-6,-4.7,8.40,0.28,614,0.29,283,0.26,0.39,0.39,0.50
Dhokla,TSM Academy,1,18,0.67,51,53,104,2.90,0.59,0.19,0.26,0.06,225,275,7.4,7.50,0.24,485,0.24,243,0.22,0.36,0.23,0.67
Diamond,Cloud9 Academy,5,18,0.56,16,41,166,4.40,0.62,0.06,0.22,0.22,-111,150,-5.5,1.40,0.04,156,0.08,111,0.09,1.31,0.31,0.72
Eika,Immortals Academy,3,12,0.50,39,35,49,2.50,0.64,0.28,0.19,0.25,193,-35,2.3,8.70,0.27,491,0.27,271,0.26,0.45,0.23,0.42
Evolved,TSM Academy,3,18,0.61,80,39,104,4.70,0.69,0.30,0.19,0.11,-213,-155,-3.4,8.70,0.28,524,0.27,279,0.25,0.59,0.19,0.67
FakeGod,100 Thieves Academy,1,18,0.50,63,43,79,3.30,0.56,0.25,0.20,0.06,46,45,2.7,7.70,0.25,423,0.22,265,0.23,0.45,0.19,0.61
Fanatiik,FlyQuest Academy,2,18,0.56,37,37,92,3.50,0.78,0.22,0.16,0.39,-122,-242,-4.8,5.00,0.13,191,0.12,176,0.17,0.47,0.38,0.39
Fenix,Dignitas Academy,3,6,0.50,19,11,26,4.10,0.69,0.29,0.16,0.17,-67,-25,1,8.90,0.27,448,0.29,255,0.25,0.26,0.21,0.33
Fill,CLG Academy,5,18,0.67,22,45,119,3.10,0.61,0.10,0.21,0.44,180,214,3.9,1.40,0.04,162,0.10,109,0.10,1.36,0.36,0.50
Fragas,CLG Academy,2,16,0.31,26,49,117,2.90,0.70,0.13,0.25,0.38,-52,-116,-4.4,4.70,0.14,236,0.13,166,0.16,0.41,0.41,0.50
Froggen,Dignitas Academy,3,12,0.67,35,18,77,6.20,0.77,0.24,0.13,0.17,190,114,4.4,9.00,0.27,461,0.27,274,0.25,0.42,0.26,0.50
Fudge,Cloud9 Academy,1,18,0.83,80,32,113,6.00,0.66,0.27,0.17,0.33,182,97,4.6,8.20,0.26,522,0.26,293,0.25,0.41,0.13,0.72
Gate,Immortals Academy,5,12,0.58,9,47,75,1.80,0.61,0.07,0.25,0.33,41,-76,0.1,1.10,0.03,145,0.08,90,0.08,1.78,0.36,0.42
Giyuu,Evil Geniuses Academy,3,18,0.50,54,57,108,2.80,0.69,0.23,0.24,0.33,132,1,1.3,8.30,0.26,514,0.24,262,0.24,0.47,0.16,0.50
Griffin,CLG Academy,2,2,0.00,2,5,17,3.80,0.70,0.07,0.26,0.00,-389,-197,4,5.40,0.13,231,0.15,177,0.15,0.4,0.6,0.50
Hakuho,Immortals Academy,5,6,0.33,2,13,42,3.40,0.77,0.04,0.21,0.33,60,-126,-7.2,0.60,0.01,218,0.13,89,0.08,1.31,0.23,0.50
Hard,Golden Guardians Academy,2,18,0.56,44,45,120,3.60,0.66,0.18,0.21,0.61,76,-3,-1.3,5.50,0.18,285,0.14,198,0.18,0.42,0.42,0.56
Huni,Evil Geniuses Academy,1,10,0.40,30,29,69,3.40,0.67,0.20,0.20,0.20,82,-62,2.8,7.20,0.24,568,0.27,241,0.22,0.29,0.12,0.50
Inori,Cloud9 Academy,2,18,0.44,54,36,138,5.30,0.66,0.18,0.19,0.44,59,-73,-2.7,5.30,0.15,279,0.14,203,0.17,0.39,0.3,0.72
Insanity,Immortals Academy,3,6,0.50,15,13,29,3.40,0.77,0.26,0.21,0.33,-199,-179,-0.5,8.70,0.27,500,0.28,271,0.25,0.53,0.25,0.50
JayJ,Dignitas Academy,5,18,0.39,9,45,144,3.40,0.73,0.04,0.22,0.33,64,-303,-2.6,1.00,0.03,143,0.09,92,0.09,1.38,0.41,0.44
Jenkins,Team Liquid Academy,1,18,0.28,34,68,68,1.50,0.59,0.20,0.23,0.06,-213,-224,-5.7,7.50,0.25,428,0.25,233,0.23,0.42,0.15,0.17
Keith,Golden Guardians Academy,4,18,0.50,56,37,93,4.00,0.60,0.23,0.17,0.11,168,55,3.8,8.60,0.29,562,0.27,270,0.25,0.39,0.3,0.56
Kenvi,100 Thieves Academy,2,6,0.83,22,13,47,5.30,0.65,0.21,0.22,0.17,133,301,5.8,6.00,0.20,356,0.16,238,0.20,0.41,0.45,0.83
Kumo,Evil Geniuses Academy,1,8,0.38,10,27,38,1.80,0.55,0.11,0.27,0.25,179,87,7.9,8.00,0.24,434,0.21,240,0.21,0.48,0.17,0.50
Lost,TSM Academy,4,18,0.39,84,26,112,7.50,0.74,0.32,0.13,0.33,171,-115,1.8,8.70,0.30,565,0.29,299,0.27,0.42,0.3,0.67
Lourlo,Dignitas Academy,1,10,0.50,26,23,55,3.50,0.63,0.20,0.23,0.20,-518,-274,-14.4,7.40,0.23,281,0.18,227,0.21,0.46,0.16,0.50
Mash,FlyQuest Academy,4,12,0.58,23,19,50,3.80,0.63,0.20,0.13,0.25,-226,-166,-7.7,9.60,0.32,399,0.26,289,0.27,0.47,0.32,0.50
Matt Elento,Evil Geniuses Academy,5,18,0.50,15,58,151,2.90,0.71,0.06,0.24,0.17,107,67,6.3,1.40,0.03,146,0.07,103,0.09,1.18,0.17,0.50
Meteos,100 Thieves Academy,2,6,0.67,5,21,23,1.30,0.47,0.08,0.25,0.33,-1,37,0.5,5.40,0.17,216,0.13,167,0.16,0.22,0.41,0.33
Neo,Dignitas Academy,4,18,0.39,57,40,91,3.70,0.71,0.27,0.19,0.33,-14,149,-5.7,8.90,0.29,459,0.28,273,0.25,0.49,0.33,0.44
Palafox,Cloud9 Academy,3,18,0.28,84,41,121,5.00,0.70,0.29,0.22,0.28,200,11,0.6,8.80,0.26,577,0.29,298,0.25,0.48,0.2,0.72
Pobelter,CLG Academy,3,2,1.00,9,1,9,18.00,0.67,0.33,0.05,0.00,-107,290,6.5,10.60,0.32,406,0.26,320,0.27,0.44,0.34,0.50
Poome,100 Thieves Academy,5,6,0.50,1,18,55,3.10,0.64,0.01,0.25,0.33,-139,-56,1.3,1.10,0.03,110,0.06,104,0.09,1.28,0.39,0.67
Potluck,Immortals Academy,2,12,0.33,22,35,55,2.20,0.56,0.16,0.19,0.42,-82,-262,-7.1,5.20,0.16,228,0.13,175,0.17,0.32,0.32,0.42
Prismal,100 Thieves Academy,4,18,0.33,67,48,97,3.40,0.65,0.27,0.22,0.28,39,-145,4.3,8.50,0.29,600,0.30,283,0.25,0.42,0.26,0.61
Revenge,FlyQuest Academy,1,18,0.39,33,53,58,1.70,0.55,0.20,0.23,0.17,43,-67,-3.4,7.60,0.24,314,0.21,230,0.22,0.34,0.19,0.39
Rhino,Team Liquid Academy,5,6,0.67,3,31,31,1.10,0.53,0.05,0.25,0.17,-91,-160,-0.8,1.20,0.03,166,0.08,83,0.08,1.52,0.3,0.17
Rikara,Team Liquid Academy,4,18,0.61,49,35,61,3.10,0.64,0.28,0.12,0.11,-189,-49,-0.6,9.30,0.31,424,0.25,270,0.27,0.34,0.23,0.17
rjs,CLG Academy,1,15,0.27,35,36,76,3.10,0.59,0.19,0.19,0.13,-85,-132,-8.2,7.50,0.25,412,0.23,240,0.23,0.38,0.12,0.47
Ruin,CLG Academy,1,3,0.67,6,5,21,5.40,0.64,0.14,0.21,0.00,294,546,3.3,8.00,0.24,340,0.22,265,0.23,0.45,0.19,0.67
sOAZ,Immortals Academy,1,12,0.58,29,36,60,2.50,0.65,0.21,0.20,0.25,-24,99,3.2,7.50,0.23,446,0.25,233,0.23,0.45,0.22,0.42
Soligo,100 Thieves Academy,3,18,0.50,59,38,106,4.30,0.65,0.23,0.18,0.17,-48,133,2.1,8.10,0.25,503,0.26,262,0.23,0.5,0.16,0.61
Tomo,Cloud9 Academy,4,18,0.44,59,41,118,4.30,0.60,0.20,0.22,0.11,203,140,14.6,8.60,0.29,476,0.24,277,0.23,0.56,0.34,0.72
Treatz,TSM Academy,5,10,0.40,6,20,113,6.00,0.74,0.04,0.19,0.50,80,182,1,1.40,0.04,192,0.09,112,0.10,1.29,0.17,0.80
Triple,FlyQuest Academy,3,18,0.50,48,43,71,2.80,0.72,0.29,0.19,0.22,-44,40,2.9,9.30,0.29,501,0.31,269,0.26,0.42,0.24,0.39
Tuesday,CLG Academy,3,16,0.38,63,42,81,3.40,0.71,0.31,0.21,0.19,-132,-176,-10.7,8.40,0.28,471,0.26,268,0.25,0.4,0.09,0.50
V1per,Dignitas Academy,1,8,0.38,16,31,34,1.60,0.62,0.20,0.29,0.13,-206,-345,-5.4,7.40,0.23,365,0.22,225,0.22,0.42,0.17,0.38
WildTurtle,FlyQuest Academy,4,6,0.67,14,18,24,2.10,0.78,0.29,0.21,0.33,-359,-100,-4.7,9.10,0.32,530,0.32,258,0.27,0.39,0.34,0.17
Wind,CLG Academy,4,18,0.72,68,34,86,4.50,0.67,0.29,0.16,0.39,11,-81,-8.1,8.40,0.29,495,0.29,287,0.26,0.46,0.25,0.50
Winston,TSM Academy,2,18,0.50,33,51,133,3.30,0.63,0.13,0.25,0.33,-182,-232,-3.6,5.10,0.15,226,0.11,177,0.16,0.26,0.39,0.67
Xmithie,Immortals Academy,2,6,0.33,11,11,38,4.50,0.86,0.19,0.18,0.50,-500,-75,3.3,6.40,0.20,238,0.13,218,0.20,0.56,0.36,0.50
Yama,Team Liquid Academy,5,12,0.17,4,40,60,1.60,0.59,0.04,0.24,0.25,-97,-67,0.7,0.90,0.02,105,0.07,74,0.07,1.44,0.27,0.17
Yusui,Team Liquid Academy,3,18,0.72,51,49,51,2.10,0.59,0.30,0.17,0.17,-123,100,1.9,8.70,0.26,438,0.26,252,0.25,0.47,0.21,0.17
Ace,V3 Esports,3,14,0.50,48,19,127,9.20,0.75,0.21,0.18,0.50,133,42,-1.3,7.70,0.22,412,0.21,258,0.22,0.46,0.2,0.86
Alchemy,Crest Gaming Act,5,14,0.57,16,39,134,3.80,0.74,0.08,0.22,0.21,13,9,0.5,1.10,0.03,160,0.09,102,0.10,1.59,0.28,0.64
apaMEN,Sengoku Gaming,1,14,0.57,44,29,65,3.80,0.58,0.23,0.25,0.14,433,379,17.6,8.70,0.28,423,0.22,288,0.25,0.29,0.19,0.71
Archer,V3 Esports,4,14,0.36,56,19,109,8.70,0.71,0.24,0.18,0.29,280,249,8.2,9.70,0.34,600,0.30,316,0.27,0.44,0.41,0.86
Aria,Crest Gaming Act,3,14,0.57,68,29,70,4.80,0.68,0.34,0.17,0.00,207,135,9.4,8.40,0.28,572,0.30,275,0.26,0.57,0.34,0.64
Art,Rascal Jester,4,14,0.79,45,44,66,2.50,0.79,0.32,0.15,0.21,66,-312,0.2,9.30,0.35,579,0.32,288,0.30,0.34,0.36,0.14
Arumik,Fukuoka SoftBank Hawks gaming,1,15,0.21,29,38,52,2.10,0.52,0.19,0.25,0.13,-276,-239,-4.3,7.20,0.21,297,0.19,209,0.20,0.41,0.13,0.47
Blank,Sengoku Gaming,2,14,0.57,47,23,108,6.70,0.82,0.25,0.20,0.29,94,157,4.5,6.20,0.19,368,0.18,224,0.19,0.51,0.39,0.71
Bugi,V3 Esports,2,14,0.57,75,20,112,9.40,0.81,0.32,0.19,0.79,423,435,3.1,6.00,0.20,390,0.19,255,0.22,0.58,0.32,0.86
Ceros,DetonatioN FocusMe,3,15,0.50,36,33,79,3.50,0.57,0.18,0.19,0.20,34,-26,-1,8.40,0.26,523,0.28,251,0.23,0.55,0.15,0.53
Cogcog,Rascal Jester,1,14,0.64,34,63,60,1.50,0.67,0.24,0.22,0.14,-116,-199,-2.4,7.10,0.26,468,0.27,221,0.23,0.41,0.13,0.14
Corporal,AXIZ,5,14,0.64,4,45,60,1.40,0.58,0.04,0.20,0.21,-37,-211,-0.6,1.10,0.03,118,0.08,76,0.08,1.68,0.36,0.21
Dasher,Fukuoka SoftBank Hawks gaming,3,15,0.64,46,27,78,4.60,0.80,0.30,0.18,0.13,63,151,7.6,8.90,0.27,486,0.30,262,0.25,0.36,0.19,0.47
Day1,AXIZ,4,6,0.33,13,12,31,3.70,0.70,0.21,0.16,0.00,-83,-105,-7.3,9.10,0.32,356,0.24,274,0.27,0.33,0.27,0.50
Enty,Sengoku Gaming,5,14,0.50,13,24,118,5.50,0.69,0.07,0.21,0.14,-51,101,-4.7,1.10,0.03,143,0.07,104,0.09,1.72,0.44,0.71
Eugeo,Burning Core,3,14,0.29,34,34,109,4.20,0.81,0.19,0.20,0.21,-277,-337,-14.1,6.70,0.21,311,0.17,212,0.21,0.34,0.15,0.43
Evi,DetonatioN FocusMe,1,15,0.29,64,46,65,2.80,0.64,0.32,0.27,0.47,196,159,3,7.10,0.23,446,0.23,249,0.23,0.37,0.15,0.53
Gaeng,DetonatioN FocusMe,5,15,0.43,5,32,125,4.10,0.64,0.03,0.19,0.33,163,59,4.5,1.50,0.04,141,0.08,102,0.09,1.69,0.4,0.53
Gango,Crest Gaming Act,4,14,0.57,56,39,103,4.10,0.79,0.28,0.22,0.21,21,137,2.7,9.00,0.33,610,0.33,300,0.28,0.37,0.26,0.64
Gariaru,AXIZ,3,14,0.43,30,33,47,2.30,0.70,0.27,0.15,0.29,44,7,1.8,8.70,0.28,380,0.27,246,0.26,0.53,0.16,0.21
hachamecha,Rascal Jester,2,14,0.29,24,54,90,2.10,0.81,0.17,0.19,0.29,-166,-305,-6.8,5.10,0.17,262,0.15,171,0.18,0.34,0.51,0.14
Hoglet,AXIZ,2,14,0.50,24,52,62,1.70,0.78,0.22,0.23,0.36,-146,-8,2.8,5.10,0.14,304,0.20,166,0.17,0.42,0.42,0.21
Honey,Fukuoka SoftBank Hawks gaming,4,15,0.29,47,25,84,5.20,0.85,0.30,0.17,0.20,-21,-113,-0.1,10.40,0.38,570,0.35,318,0.31,0.49,0.47,0.47
Nagi,Rascal Jester,5,14,0.29,5,65,85,1.40,0.64,0.04,0.23,0.21,-77,57,0.8,1.00,0.03,154,0.09,80,0.08,1.27,0.29,0.14
Nap,Crest Gaming Act,1,14,0.50,32,34,101,3.90,0.66,0.16,0.20,0.14,-123,-69,-8.5,6.70,0.22,341,0.18,215,0.20,0.4,0.13,0.64
Natsume,AXIZ,1,8,0.25,10,36,14,0.70,0.51,0.21,0.24,0.13,-496,-299,-10.4,6.70,0.24,254,0.19,180,0.21,0.4,0.09,0.00
Once,Burning Core,2,14,0.57,54,41,77,3.20,0.74,0.31,0.24,0.43,108,196,3.5,6.30,0.22,414,0.22,232,0.22,0.35,0.33,0.43
Paz,V3 Esports,1,14,0.43,41,30,111,5.10,0.66,0.18,0.28,0.21,110,128,-0.7,6.90,0.21,454,0.23,245,0.21,0.35,0.1,0.86
Pink,Rascal Jester,3,14,0.57,33,63,58,1.40,0.65,0.23,0.22,0.21,-409,-207,-11.6,6.60,0.20,298,0.18,197,0.21,0.43,0.26,0.14
Pirean,Sengoku Gaming,3,14,0.50,44,26,91,5.20,0.71,0.23,0.22,0.14,197,225,8.7,8.20,0.22,559,0.29,267,0.23,0.4,0.27,0.71
Pooh,Fukuoka SoftBank Hawks gaming,5,15,0.50,12,30,100,3.70,0.72,0.08,0.20,0.07,-27,141,0.1,1.00,0.02,99,0.06,91,0.09,1.4,0.23,0.47
Proud,Burning Core,5,14,0.50,12,24,118,5.40,0.74,0.07,0.14,0.29,-93,-64,0,1.20,0.04,186,0.10,97,0.09,1.76,0.48,0.43
Raina,V3 Esports,5,14,0.57,12,20,145,7.90,0.68,0.05,0.19,0.36,99,-107,-0.9,1.10,0.03,135,0.07,115,0.10,1.32,0.31,0.86
RayFarky,Burning Core,1,14,0.86,36,32,87,3.80,0.70,0.21,0.19,0.29,54,31,-1.2,7.10,0.23,456,0.25,237,0.23,0.38,0.14,0.43
Steal,DetonatioN FocusMe,2,15,0.50,48,43,94,3.30,0.70,0.24,0.25,0.40,130,-50,-0.6,5.30,0.15,271,0.14,195,0.18,0.65,0.52,0.53
Tussle,Fukuoka SoftBank Hawks gaming,2,15,0.71,21,30,89,3.70,0.71,0.14,0.20,0.27,-122,-81,-0.5,5.10,0.13,162,0.10,172,0.16,0.52,0.39,0.47
uinyan,AXIZ,4,8,0.38,11,28,18,1.00,0.62,0.23,0.19,0.25,-157,-158,-7,8.50,0.30,314,0.23,220,0.25,0.37,0.25,0.00
uinyan,AXIZ,1,6,0.83,18,19,22,2.10,0.64,0.29,0.25,0.33,26,-31,5.8,8.00,0.25,401,0.27,267,0.25,0.51,0.16,0.50
Yuhi,Burning Core,4,14,0.36,40,42,73,2.70,0.64,0.23,0.24,0.21,-236,-57,-6.8,8.40,0.31,479,0.26,255,0.25,0.38,0.38,0.43
Yunika,Crest Gaming Act,2,14,0.29,30,33,106,4.10,0.67,0.15,0.19,0.21,-321,-334,-6,4.60,0.15,218,0.12,177,0.17,0.46,0.41,0.64
Yutapon,DetonatioN FocusMe,4,15,0.71,49,19,72,6.40,0.60,0.24,0.11,0.27,4,282,-3.5,9.00,0.32,512,0.27,290,0.27,0.31,0.27,0.53
Yutorimoyashi,Sengoku Gaming,4,14,0.57,41,15,87,8.50,0.68,0.22,0.13,0.14,13,-63,6.6,9.10,0.28,457,0.24,283,0.24,0.39,0.27,0.71